日付,start,high,low,end,volume,adjust,USD,GBP,EUR,CAD,AUD,NZD,SGD
2015/1/5,17720,17930,17590,17780,727713,17780,120.34,184.19,143.97,102.2,97.54,92.4,90.33
2015/1/6,17430,17470,17250,17270,1405279,17270,119.38,182.16,142.5,101.53,96.79,91.92,89.45
2015/1/7,17140,17350,17130,17270,737548,17270,118.84,179.8,141.02,100.42,95.8,92.01,88.98
2015/1/8,17440,17630,17390,17560,607982,17560,119.47,180.48,141.43,101.08,96.77,92.94,89.4
2015/1/9,17740,17740,17510,17570,504940,17570,119.87,180.97,141.36,101.35,97.39,93.79,89.72
2015/1/13,17330,17460,17190,17440,773909,17440,118.02,179.08,139.74,98.59,96.19,91.68,88.42
2015/1/14,17320,17410,17130,17170,754296,17170,117.65,178.49,138.51,98.39,96.21,91.08,88.26
2015/1/15,17220,17510,17210,17480,785421,17480,117.71,179.44,138.59,98.47,96.55,90.81,88.28
2015/1/16,17120,17240,16950,17240,1957143,17240,116.44,176.66,135.28,97.2,95.73,91.02,87.83
2015/1/19,17390,17420,17280,17380,504886,17380,117.39,177.54,135.71,98.05,96.66,91.51,88.52
2015/1/20,17440,17740,17440,17740,646051,17740,117.9,177.89,136.65,98.6,96.55,91.43,88.29
2015/1/21,17680,17710,17560,17660,416808,17660,118.63,179.59,137.05,98.01,96.83,90.61,88.54
2015/1/22,17690,17730,17600,17700,235868,17700,118.14,178.84,136.98,95.64,95.6,89.23,88.43
2015/1/23,17900,17920,17840,17870,609569,17870,118.53,178.07,134.66,95.79,95.25,89.13,88.59
2015/1/26,17670,17860,17660,17840,219690,17840,117.71,176.65,131.38,94.5,92.81,87.35,87.49
2015/1/27,18020,18150,18010,18140,802753,18140,118.6,178.84,133.22,94.96,93.78,88.13,88.25
2015/1/28,17980,18240,17970,18190,459966,18190,117.83,178.68,133.71,94.93,94.17,87.71,87.15
2015/1/29,18010,18170,17960,17970,525366,17970,117.71,178.38,132.88,94.03,93.1,86.52,86.99
2015/1/30,18160,18190,18050,18060,520632,18060,118.25,178.27,133.85,93.68,92.06,86.06,87.45
2015/2/2,17900,18020,17850,17940,684168,17940,117.47,177.05,132.82,92.47,91.49,85.38,86.87
2015/2/3,18050,18050,17660,17720,739820,17720,117.35,176.48,133.12,93.28,91.56,85.75,86.86
2015/2/4,17960,18130,17920,18050,650867,18050,117.83,178.55,135.01,94.86,91.7,87.06,87.53
2015/2/5,17980,18010,17860,17890,533736,17890,117.3,177.96,132.94,93.23,90.87,86.26,86.97
2015/2/6,18080,18100,17990,18010,381696,18010,117.5,180.19,134.76,94.48,92.04,87.11,87.37
2015/2/9,18170,18190,18040,18100,542282,18100,118.93,181.28,134.53,94.99,92.25,87.32,87.89
2015/2/10,18020,18060,17930,18040,396116,18040,118.5,180.48,134.33,94.95,92.54,87.93,87.56
2015/2/12,18320,18390,18300,18350,1630161,18350,120.2,183.1,135.93,95.15,92.07,88.32,88.32
2015/2/13,18290,18360,18250,18310,414289,18310,119.02,183.16,135.68,95.09,92.26,88.49,87.75
2015/2/16,18400,18460,18370,18390,489702,18390,118.59,182.82,135.28,95.35,92.26,88.92,87.58
2015/2/17,18330,18400,18280,18380,323122,18380,118.35,181.81,134.07,94.91,92.09,88.79,87.31
2015/2/18,18480,18600,18470,18580,520849,18580,119.26,183.03,135.97,96.23,93.15,89.86,87.94
2015/2/19,18620,18720,18620,18650,425594,18650,118.77,183.42,135.45,95.34,92.77,89.75,87.56
2015/2/20,18710,18760,18690,18720,516544,18720,119.1,183.72,135.32,95.35,92.89,89.61,87.64
2015/2/23,18890,18910,18800,18870,563551,18870,119.07,183.05,135.45,94.91,93.27,89.47,87.63
2015/2/24,18870,19010,18830,18990,467986,18990,118.92,183.73,134.81,94.61,92.78,89.62,87.52
2015/2/25,19040,19060,18960,19000,278318,19000,118.82,183.81,134.8,95.25,93.32,89.27,87.6
2015/2/26,19000,19210,19000,19210,609106,19210,119.04,184.87,135.27,95.73,93.51,89.99,87.9
2015/2/27,19260,19280,19130,19220,363266,19220,119.26,183.97,133.71,95.39,93.21,90.02,87.85
2015/3/2,19280,19400,19190,19220,621616,19220,119.89,184.74,133.88,95.77,93.38,90.47,87.82
2015/3/3,19330,19330,19140,19230,443600,19230,120.09,184.49,134.28,95.76,93.18,90.19,87.97
2015/3/4,19130,19150,19000,19120,306481,19120,119.59,183.88,133.69,95.81,93.66,90.53,87.77
2015/3/5,19090,19180,19060,19170,339659,19170,119.82,182.83,132.75,96.45,93.72,90.96,87.68
2015/3/6,19240,19400,19230,19390,559240,19390,120.08,182.97,132.28,96.18,93.48,89.92,87.6
2015/3/9,19300,19310,19150,19220,786307,19220,120.78,181.94,131,95.74,93.12,88.89,87.48
2015/3/10,19320,19340,18980,19080,730024,19080,121.47,183.42,131.58,96.15,93.2,89.12,87.83
2015/3/11,18990,19250,18980,19140,526288,19140,121.23,182.79,129.7,95.59,92.5,88.24,87.53
2015/3/12,19200,19430,19180,19400,515589,19400,121.54,181.53,128.22,95.42,92.47,88.99,87.65
2015/3/13,19560,19750,19530,19680,1212897,19680,121.44,180.73,128.86,95.58,93.47,89.74,87.96
2015/3/16,19660,19780,19640,19670,434711,19670,121.41,179.14,127.4,94.78,92.62,89.09,87.23
2015/3/17,19830,19920,19800,19890,474841,19890,121.45,180.03,128.24,94.98,92.5,89.48,87.32
2015/3/18,19850,20000,19820,19990,451918,19990,121.34,179.18,128.67,94.94,92.45,88.7,87.4
2015/3/19,19930,20000,19740,19930,754173,19930,119.81,179.54,130.54,95.6,93.33,90.13,87.08
2015/3/20,19940,20000,19840,20000,474393,20000,120.72,178.21,128.74,95.09,92.53,89.76,87.02
2015/3/23,20090,20220,20070,20210,379955,20210,119.97,179.32,129.69,95.37,93.37,90.73,86.95
2015/3/24,20160,20210,20080,20160,381376,20160,119.8,179.08,131.06,95.75,94.25,91.67,87.64
2015/3/25,20170,20220,19970,20200,410174,20200,119.81,178.06,130.82,95.78,94.3,91.51,87.61
2015/3/26,20060,20070,19830,19910,718121,19910,119.4,177.79,130.99,95.44,93.57,90.72,87.15
2015/3/27,19920,20150,19620,19820,981565,19820,119.2,177.23,129.8,95.53,93.32,90.63,87.05
2015/3/30,19830,20020,19760,19960,430275,19960,119.29,177.46,129.72,94.59,92.16,90,86.92
2015/3/31,20130,20150,19800,19810,493713,19810,120.27,178.2,130.41,94.84,92.16,90.32,87.44
2015/4/1,19720,19740,19450,19590,1582151,19590,119.92,177.75,128.84,94.56,91.47,89.42,87.44
2015/4/2,19650,19960,19640,19840,818907,19840,119.69,177.39,128.68,94.87,90.8,89.03,87.78
2015/4/3,19850,19970,19830,19970,386648,19970,119.7,177.52,130.07,95.27,90.72,89.82,88.12
2015/4/6,19820,19970,19770,19920,314569,19920,119.07,177.58,130.81,95.49,90.92,90.66,88.29
2015/4/7,20070,20220,20040,20170,825248,20170,119.55,177.96,130.72,95.75,90.64,89.97,88.13
2015/4/8,20270,20400,20230,20330,840757,20330,120.25,178.28,130.25,96.22,92.02,90.46,88.47
2015/4/9,20390,20500,20370,20470,543950,20470,120.27,178.65,129.45,95.73,92.24,90.66,88.63
2015/4/10,20540,20560,20390,20490,704507,20490,120.48,177.32,128.58,95.69,92.93,91.43,88.71
2015/4/13,20510,20540,20370,20460,280818,20460,120.23,175.99,127.55,95.55,92.11,90.61,88.03
2015/4/14,20370,20480,20370,20450,248581,20450,119.79,175.94,126.86,95.22,91.2,89.48,88.07
2015/4/15,20400,20470,20380,20410,341124,20410,119.62,176.67,127.17,95.76,91.02,89.73,87.87
2015/4/16,20400,20450,20290,20430,461289,20430,118.97,177.04,127.7,97.04,91.76,90.71,87.84
2015/4/17,20360,20370,20190,20220,566740,20220,119.05,177.93,128.26,97.72,92.72,91.26,88.19
2015/4/20,20090,20280,20030,20170,356353,20170,118.94,178.15,128.54,97.54,93.01,91.73,88.56
2015/4/21,20270,20460,20230,20460,465474,20460,119.36,177.7,128.16,97.45,91.92,91.3,88.47
2015/4/22,20550,20700,20530,20680,778851,20680,119.67,178.6,128.32,97.49,92.37,91.85,88.51
2015/4/23,20780,20810,20680,20760,407605,20760,120.04,180.42,128.51,97.9,92.9,91.28,89.08
2015/4/24,20680,20700,20560,20580,362832,20580,119.54,180.03,129.37,98.43,93.16,90.77,89.18
2015/4/27,20620,20620,20450,20530,345968,20530,118.96,180.52,129.24,97.83,93.18,90.54,89.27
2015/4/28,20650,20700,20590,20630,320064,20630,119.16,181.53,129.6,98.52,93.74,90.94,89.68
2015/4/30,20350,20360,20060,20100,1481651,20100,118.99,183.83,132.2,99.03,95.38,90.77,90.19
2015/5/1,20090,20120,19960,20080,563265,20080,119.68,183.78,134.14,99.02,94.51,91.05,90.45
2015/5/7,19920,20020,19820,19860,724603,19860,119.37,181.86,135.19,99.06,95.03,89.52,90.08
2015/5/8,19930,20020,19860,19970,393214,19970,119.86,184.52,134.83,98.98,94.63,89.26,89.98
2015/5/11,20220,20250,20150,20190,325895,20190,119.76,184.75,133.83,98.98,94.86,88.73,89.94
2015/5/12,20160,20200,20030,20180,356749,20180,120.16,187.04,133.79,99.26,94.81,88.11,89.75
2015/5/13,20130,20360,20060,20320,722548,20320,119.79,187.83,134.5,99.76,95.87,88.69,89.89
2015/5/14,20220,20290,20120,20150,311574,20150,119.27,187.66,135.25,99.69,96.89,89.94,89.95
2015/5/15,20280,20320,20190,20260,237398,20260,119.39,188.23,136.09,99.52,96.2,89.1,90.3
2015/5/18,20310,20460,20310,20450,288405,20450,119.64,188.09,136.66,99.42,95.78,89,90.45
2015/5/19,20550,20670,20510,20610,622640,20610,119.9,187.72,135.63,98.59,95.76,88.44,90.35
2015/5/20,20740,20860,20730,20780,667085,20780,120.94,187.47,134.53,98.81,95.63,88.9,90.54
2015/5/21,20800,20910,20750,20750,394677,20750,121.06,188.31,134.59,99.27,95.5,88.56,90.74
2015/5/22,20800,20870,20700,20850,245041,20850,121.07,189.69,134.55,99.28,95.74,89.29,90.75
2015/5/25,20920,21010,20900,20980,355693,20980,121.63,188.26,133.6,98.91,94.99,88.7,90.82
2015/5/26,21010,21050,20970,21050,428220,21050,121.76,188.18,133.21,98.8,95.2,88.98,90.58
2015/5/27,20950,21100,20940,21050,587789,21050,123,189.31,133.79,98.98,95.33,89.15,91.24
2015/5/28,21180,21250,21060,21140,577638,21140,123.65,189.86,134.93,99.31,95.78,89.76,91.58
2015/5/29,21090,21240,21080,21170,313110,21170,123.75,189.6,135.61,99.62,94.83,88.75,91.93
2015/6/1,21050,21190,20990,21160,382445,21160,124.3,189.88,136.01,99.66,95.01,88.09,91.99
2015/6/2,21190,21220,21050,21130,314707,21130,124.82,189.75,136.39,99.66,95.21,88.77,92.15
2015/6/3,21010,21100,20980,21060,386311,21060,124.16,190.45,138.35,100.01,96.41,88.95,91.99
2015/6/4,21160,21160,21020,21050,254365,21050,124.36,190.63,140.08,99.86,96.69,89.04,92.58
2015/6/5,21000,21070,20950,21050,241326,21050,124.51,191.26,139.61,99.59,95.69,88.7,92.37
2015/6/8,21130,21150,20950,21040,258575,21040,125.5,191.49,139.2,100.68,95.63,88.43,92.31
2015/6/9,20900,20930,20690,20710,1268632,20710,124.64,191.11,140.52,100.39,95.81,88.76,92.06
2015/6/10,20720,20850,20600,20630,817829,20630,124.47,191.56,140.65,100.82,95.63,88.97,92.07
2015/6/11,20760,20960,20760,20960,413144,20960,122.97,190.68,139.02,100.17,94.97,86.47,91.45
2015/6/12,21020,21030,20920,20990,294408,20990,123.47,191.63,138.94,100.46,95.68,86.64,91.82
2015/6/15,20800,20990,20800,20960,237942,20960,123.48,192,138.52,100.23,95.31,86.1,91.71
2015/6/16,20910,20950,20810,20850,217707,20850,123.47,192.5,139.16,100.19,95.73,86.37,91.77
2015/6/17,20890,20910,20710,20800,380800,20800,123.44,193.05,138.75,100.39,95.62,86.21,91.91
2015/6/18,20770,20790,20570,20580,698708,20580,123.39,195.5,140.29,100.89,95.42,85.2,92.42
2015/6/19,20740,20780,20650,20750,323549,20750,122.98,195.48,139.94,100.64,95.89,85.16,92.31
2015/6/22,20740,21020,20740,21010,356377,21010,122.7,194.86,139.5,99.98,95.31,84.66,91.89
2015/6/23,21120,21390,21120,21390,970397,21390,123.44,195.33,139.99,100.2,95.52,84.83,92.37
2015/6/24,21480,21560,21430,21480,732499,21480,123.88,195,138.34,100.51,95.99,85.06,92.32
2015/6/25,21380,21460,21350,21380,521218,21380,123.89,194.48,138.82,100.01,95.62,85.51,92.23
2015/6/26,21370,21400,21260,21320,362996,21320,123.56,194.48,138.15,100.11,95.5,85.17,91.89
2015/6/29,20770,20960,20680,20730,883900,20730,122.96,193.15,135.45,99.64,93.9,84.1,90.85
2015/6/30,20750,20860,20710,20850,426639,20850,122.48,192.75,137.2,98.62,93.94,83.78,91.04
2015/7/1,20910,20960,20850,20940,321558,20940,122.62,192.53,136.5,98.18,94.5,83.21,91.09
2015/7/2,21170,21220,21090,21130,319824,21130,123.39,192.59,136.26,97.98,94.39,82.78,91.26
2015/7/3,21080,21180,21040,21150,343372,21150,123,192.02,136.37,98.05,94.03,82.75,91.23
2015/7/6,20560,20700,20390,20560,1293968,20560,122.57,190.67,135.01,97.26,92.01,82.04,90.66
2015/7/7,20760,20810,20730,20760,346922,20760,122.72,191.53,135.57,96.97,91.86,81.95,90.83
2015/7/8,20660,20690,20140,20140,1354203,20140,122.4,189.17,134.63,96.21,91.08,81.56,90.28
2015/7/9,19790,20210,19470,20210,1592894,20210,120.8,185.59,133.64,94.88,89.49,81,89.34
2015/7/10,20190,20350,20070,20170,1019773,20170,121.65,186.99,134.63,95.7,90.84,82.15,90.18
2015/7/13,20320,20500,20280,20460,688913,20460,122.52,190.03,136.39,96.5,90.98,82.31,90.67
2015/7/14,20740,20810,20690,20730,866919,20730,123.64,191.3,135.77,96.93,91.51,82.58,90.84
2015/7/15,20830,20860,20770,20830,552699,20830,123.39,193.11,135.65,96.88,92,82.77,90.71
2015/7/16,20960,20980,20890,20970,532356,20970,123.85,193.61,135.48,95.78,91.33,81.31,90.73
2015/7/17,21030,21030,20980,21010,366513,21010,124.24,193.88,135.16,95.78,92.12,81.05,90.92
2015/7/21,21120,21220,21090,21200,654336,21200,124.36,193.6,134.64,95.7,91.65,81.97,90.76
2015/7/22,21000,21040,20940,20970,304464,20970,123.77,192.7,135.5,95.6,91.8,82.05,90.85
2015/7/23,21040,21070,21020,21030,140584,21030,124.1,193.7,135.67,95.14,91.34,81.98,90.81
2015/7/24,20960,21000,20890,20900,219927,20900,124.02,192.53,136.3,95.23,91.2,82.09,90.65
2015/7/27,20740,20860,20640,20730,345556,20730,123.64,192.03,135.84,94.82,89.97,81.38,90.07
2015/7/28,20520,20800,20430,20710,444497,20710,123.17,191.68,136.66,94.5,89.69,81.75,90
2015/7/29,20680,20700,20570,20650,212792,20650,123.54,192.83,136.77,95.55,90.7,82.92,90.65
2015/7/30,20820,20950,20820,20900,325438,20900,124.09,193.61,136.13,95.79,90.65,82.46,90.6
2015/7/31,20870,20940,20830,20930,387388,20930,124.02,193.47,135.67,95.44,90.56,82.01,90.32
2015/8/3,20890,20920,20760,20900,165802,20900,124.08,193.88,136.19,94.59,90.64,81.73,90.38
2015/8/4,20800,20910,20800,20860,366901,20860,124.06,193.16,135.61,94.16,90.13,81.43,89.85
2015/8/5,20850,21080,20830,20990,299331,20990,124.33,193.64,135.2,94.25,91.73,81.41,89.99
2015/8/6,21130,21180,21020,21020,642037,21020,124.83,194.96,136.24,94.86,91.8,81.61,90.29
2015/8/7,21000,21110,20930,21090,202881,21090,124.75,193.57,136.33,95.11,91.64,81.77,90.1
2015/8/10,20990,21170,20970,21150,257453,21150,124.42,192.65,136.26,94.63,91.98,82.2,89.81
2015/8/11,21260,21310,20930,21080,680801,21080,124.64,194.4,137.43,95.85,92.68,82.65,90.34
2015/8/12,21000,21060,20650,20760,1031936,20760,125.13,195.05,138.19,95.62,91.58,81.76,89.3
2015/8/13,20760,21000,20650,20960,646546,20960,124.29,194.1,138.66,95.67,91.68,82.18,88.84
2015/8/14,20870,20970,20840,20890,182276,20890,124.43,194.33,138.83,95.25,91.77,81.53,89.04
2015/8/17,20950,21040,20890,20970,109026,20970,124.43,194.72,138.08,94.94,91.68,81.27,88.24
2015/8/18,21000,21030,20910,20910,112131,20910,124.45,193.97,137.8,95.01,91.69,81.89,88.33
2015/8/19,20850,20880,20570,20580,422832,20580,124.37,194.91,137.24,95.3,91.31,81.98,88.72
2015/8/20,20570,20620,20400,20410,733287,20410,123.83,194.43,137.86,94.51,91.11,81.85,88.47
2015/8/21,20010,20080,19790,19820,2141854,19820,123.49,193.81,138.77,94.41,90.53,81.81,88
2015/8/24,19420,19470,18830,18940,1935480,18940,121.73,190.68,138.48,92.05,88.33,80.62,86.11
2015/8/25,18320,19190,18080,18180,2199094,18180,118.9,187.52,137.65,89.55,85.51,77.04,84.45
2015/8/26,18150,18780,18060,18710,1811029,18710,119.09,186.86,137.18,89.3,84.86,77.17,84.71
2015/8/27,19060,19160,18830,18900,748852,18900,120.07,185.95,136.11,90.36,85.56,77.55,85.61
2015/8/28,19360,19560,19290,19480,637365,19480,121.12,186.75,136.04,91.83,87.06,78.67,86.61
2015/8/31,19370,19380,19100,19230,711692,19230,121.18,186.88,135.96,91.59,86.52,78.22,85.83
2015/9/1,19090,19120,18550,18560,1130322,18560,121.02,186.12,136.06,92.02,86.01,76.88,85.75
2015/9/2,18230,18830,18180,18450,1312709,18450,120.29,184.14,135.57,90.86,84.48,76.29,85.17
2015/9/3,18730,18830,18510,18530,431611,18530,120.67,184.66,135.33,90.95,85.04,76.9,85.16
2015/9/4,18620,18650,17920,18130,1480695,18130,119.96,182.94,133.47,90.84,84.03,76.71,84.64
2015/9/7,18010,18350,17800,18190,683627,18190,119.07,180.89,132.98,89.66,82.55,74.76,83.62
2015/9/8,18260,18310,17740,17740,823211,17740,119.42,182.43,133.32,89.8,82.96,74.76,83.55
2015/9/9,18350,19070,18320,19050,1407670,19050,120.27,185.2,134.63,91.17,84.74,76.82,84.92
2015/9/10,18440,18650,18270,18640,694587,18640,120.24,184.72,135.02,90.5,83.76,75.45,84.53
2015/9/11,18430,18690,18420,18600,443162,18600,120.82,186.64,136.32,91.32,85.46,76.25,85.52
2015/9/14,18690,18690,18230,18310,399828,18310,120.65,186.46,136.94,91.16,85.9,76.44,85.69
2015/9/15,18410,18660,18300,18340,492732,18340,120.64,186.08,136.32,91.04,86.31,76.35,86.25
2015/9/16,18580,18640,18430,18530,506139,18530,120.35,184.59,135.68,90.88,85.82,76.43,86.07
2015/9/17,18720,18810,18630,18760,280272,18760,120.6,186.98,136.18,91.54,86.68,76.57,86.2
2015/9/18,18630,18630,18390,18460,542289,18460,119.83,186.66,136.59,90.94,86.13,76.14,85.69
2015/9/24,18060,18160,17930,17940,544083,17940,120.2,183.38,134.41,90.25,84.22,75.58,84.39
2015/9/25,17940,18200,17810,18200,748839,18200,120.37,183.2,134.43,90.23,84.43,76.17,84.51
2015/9/28,18250,18280,17990,18130,401323,18130,120.46,183.11,134.84,90.36,84.66,76.84,84.52
2015/9/29,17820,17820,17330,17370,1788290,17370,119.77,181.69,134.66,89.37,83.41,75.47,83.68
2015/9/30,17660,17890,17600,17770,826580,17770,119.97,181.86,134.94,89.34,84.06,76.42,84.14
2015/10/1,17930,18270,17820,18170,576376,18170,119.87,181.34,133.94,90.03,84.11,76.74,84.26
2015/10/2,18010,18210,17960,18160,280976,18160,119.91,181.62,134.13,90.54,84.4,76.77,83.79
2015/10/5,18380,18520,18310,18450,403804,18450,120.04,182.48,134.7,91.23,84.6,77.44,83.86
2015/10/6,18800,18820,18540,18560,459366,18560,120.48,182.55,134.87,92.05,85.28,78.14,84.61
2015/10/7,18610,18820,18480,18800,439977,18800,120.36,183.26,135.56,92.22,86.07,78.69,84.56
2015/10/8,18750,18860,18570,18590,394008,18590,120.04,183.93,134.89,91.97,86.55,79.56,85.18
2015/10/9,18630,18900,18630,18870,401359,18870,119.99,184.23,135.37,92.31,87.18,80.06,85.59
2015/10/13,18780,18820,18680,18730,364992,18730,119.94,183.62,136.1,92.02,87.92,80.11,85.59
2015/10/14,18570,18580,18280,18350,513017,18350,119.57,182.48,136.21,91.84,86.37,79.57,85.59
2015/10/15,18250,18630,18190,18510,384708,18510,118.99,184.03,136.47,92.08,87.02,81.13,86.42
2015/10/16,18730,18850,18680,18730,322848,18730,119.06,184.2,135.34,92.53,86.96,81.34,86.13
2015/10/19,18750,18770,18530,18610,542868,18610,119.33,184.17,135.74,92.33,86.48,80.99,86.19
2015/10/20,18710,18720,18600,18660,149799,18660,119.54,185.02,135.44,91.78,86.88,81.32,86.1
2015/10/21,18630,19070,18620,19000,390895,19000,119.93,185.26,136.28,92.41,87.21,81.05,86.26
2015/10/22,18870,19030,18820,18900,230922,18900,119.87,184.91,135.87,91.25,86.53,80.66,86.03
2015/10/23,19300,19380,19270,19300,947623,19300,120.95,186.21,134.15,92.39,87.46,82.61,87.15
2015/10/26,19520,19560,19390,19390,717796,19390,121.14,185.51,133.47,91.89,87.55,81.83,86.66
2015/10/27,19420,19430,19220,19230,278490,19230,120.79,185.46,133.44,91.74,87.52,81.87,86.87
2015/10/28,19300,19400,19280,19370,166495,19370,120.4,184.3,132.79,90.7,85.75,81.25,86.07
2015/10/29,19530,19550,19270,19390,442203,19390,120.66,184.14,131.62,91.46,85.7,80.66,86.04
2015/10/30,19380,19680,19240,19550,918012,19550,120.9,185.45,132.78,91.95,85.97,81.4,86.45
2015/11/2,19290,19330,19100,19150,507949,19150,120.58,186.27,132.94,92.19,86.13,81.67,86.25
2015/11/4,19490,19620,19380,19390,510328,19390,121.15,186.78,132.76,92.74,87.08,80.49,86.83
2015/11/5,19490,19640,19460,19580,481979,19580,121.57,186.99,131.99,92.34,86.85,80.18,86.67
2015/11/6,19660,19770,19640,19730,598409,19730,121.74,185.3,132.48,92.49,87.06,80.42,86.58
2015/11/9,19880,20180,19880,20110,1426183,20110,123.33,185.76,132.37,92.66,86.77,80.49,86.68
2015/11/10,19920,20170,19910,20140,384794,20140,123.2,186.28,132.48,92.79,86.82,80.41,86.64
2015/11/11,20090,20210,20080,20180,536571,20180,123.03,186.22,132.06,92.73,86.71,80.63,86.7
2015/11/12,20110,20210,20080,20180,410042,20180,122.86,187.19,132.23,92.75,87.78,80.79,86.75
2015/11/13,19990,20090,19860,20060,504540,20060,122.53,186.6,132.38,92.24,87.45,80.15,86.4
2015/11/16,19720,19930,19700,19850,360210,19850,122.55,186.4,131.36,91.89,87.02,79.9,86.05
2015/11/17,20150,20210,20110,20130,464194,20130,123.28,187.43,131.81,92.52,87.6,79.9,86.71
2015/11/18,20240,20330,20130,20140,672644,20140,123.41,187.81,131.32,92.59,87.76,79.88,86.67
2015/11/19,20360,20450,20250,20340,764220,20340,123.56,188.39,131.93,92.96,88.12,80.45,87.02
2015/11/20,20300,20340,20200,20340,475115,20340,122.96,187.9,131.74,92.42,88.42,80.65,86.95
2015/11/24,20370,20440,20320,20410,414859,20410,122.88,185.84,130.68,91.94,88.34,80.09,86.69
2015/11/25,20340,20360,20270,20330,346102,20330,122.44,184.73,130.44,92.05,88.92,80.36,87.11
2015/11/26,20420,20480,20410,20420,521868,20420,122.61,185.44,130.25,92.18,88.57,80.64,87.16
2015/11/27,20480,20490,20310,20360,223283,20360,122.74,185.37,130.12,92.29,88.69,80.71,87.19
2015/11/30,20350,20370,20180,20230,230798,20230,122.82,184.6,129.87,91.76,88.11,80.04,86.85
2015/12/1,20320,20470,20290,20460,237674,20460,123.1,185.41,130.09,92.21,89.2,81.3,87.27
2015/12/2,20430,20480,20410,20430,249947,20430,122.89,185.28,130.53,91.95,89.87,81.89,87.4
2015/12/3,20370,20460,20340,20430,364343,20430,123.31,184.26,130.78,92.37,89.89,81.83,87.25
2015/12/4,20080,20140,19930,20000,783666,20000,122.71,185.75,134.06,91.94,89.97,81.95,87.89
2015/12/7,20220,20300,20150,20180,307459,20180,123.24,186.1,133.95,92,90.27,82.76,88.1
2015/12/8,20210,20260,19960,19990,215946,19990,123.27,185.52,133.58,91.2,89.54,81.83,87.64
2015/12/9,19870,19960,19730,19790,510819,19790,122.99,184.56,133.84,90.54,88.9,81.63,87.44
2015/12/10,19550,19610,19500,19510,612091,19510,121.55,184.65,133.96,89.63,89.05,82.25,86.8
2015/12/11,19520,19770,19490,19690,329510,19690,121.95,184.82,133.36,89.41,88.62,82.29,86.94
2015/12/14,19240,19380,19060,19360,1087551,19360,120.83,183.63,132.66,87.85,86.66,81.05,85.56
2015/12/15,19350,19370,19030,19070,604049,19070,121.16,183.59,133.32,88.29,87.83,82.1,86.06
2015/12/16,19370,19530,19340,19510,408807,19510,121.8,183.26,133.16,88.63,87.7,82.32,86.56
2015/12/17,19900,19990,19790,19840,578704,19840,122.52,183.55,133.17,88.84,88.28,82.87,86.8
2015/12/18,19810,20390,19450,19500,1383089,19500,122.51,182.66,132.78,87.79,87.24,81.98,86.28
2015/12/21,19330,19460,19110,19420,632204,19420,121.3,180.88,131.83,86.9,86.81,81.56,85.87
2015/12/22,19390,19420,19290,19370,334004,19370,121.23,180.56,132.26,86.86,87.29,82.24,86.24
2015/12/24,19570,19580,19250,19270,292440,19270,120.96,179.99,131.96,87.3,87.6,82.23,86.15
2015/12/25,19300,19350,19200,19210,163300,19210,120.15,179.37,131.67,86.88,87.39,82.15,85.6
2015/12/28,19320,19420,19240,19370,202537,19370,120.54,179.82,132.21,87.06,87.57,82.39,85.76
2015/12/29,19350,19480,19270,19470,260390,19470,120.39,179.31,132.14,86.69,87.43,82.64,85.57
2015/12/30,19580,19600,19510,19520,171196,19520,120.54,178.6,131.67,87.13,87.92,82.81,85.35
2016/1/4,19300,19440,18860,18950,1610477,18950,120.4,177.29,130.59,86.81,87.6,81.98,84.73
2016/1/5,18870,19030,18800,18850,755490,18850,119.27,175.54,129.17,85.62,85.71,80.42,83.73
2016/1/6,18870,18950,18530,18670,1399603,18670,119.04,174.64,127.88,85.09,85.35,79.69,83.53
2016/1/7,18610,18650,18230,18230,1654689,18230,118.66,173.6,127.84,84.29,83.93,78.84,82.59
2016/1/8,18100,18450,18000,18190,1294538,18190,117.86,172.31,128.61,83.55,82.87,78.09,82.25
2016/1/12,17900,18020,17640,17700,1257628,17700,117.81,171.44,127.84,82.91,82.44,77.28,82.1
2016/1/13,17910,18180,17910,18180,460840,18180,117.92,170.43,127.7,82.75,82.63,77.37,82.16
2016/1/14,17670,17730,17380,17700,1315911,17700,117.55,169.35,127.91,81.82,81.58,76.15,81.69
2016/1/15,17970,18060,17500,17590,713343,17590,118.16,170.48,128.33,82.3,82.57,76.54,82.19
2016/1/18,17230,17480,17090,17390,1186794,17390,117.09,166.85,127.77,80.3,80.35,75.39,81.29
2016/1/19,17340,17530,17240,17500,809454,17500,117.6,167.66,127.95,80.92,80.97,75.91,81.83
2016/1/20,17470,17470,16810,16870,1398928,16870,117.54,166.55,128.35,80.61,81.13,75,81.8
2016/1/21,16900,17170,16430,16450,1495886,16450,117.35,166.57,127.63,81.18,81.5,75.83,81.75
2016/1/22,17030,17430,16880,17400,986948,17400,117.82,167.53,127.72,82.53,82.59,76.96,82.37
2016/1/25,17600,17660,17350,17540,1039740,17540,118.63,169.27,128.06,83.87,82.89,76.67,83
2016/1/26,17240,17270,17070,17130,447995,17130,118.14,167.89,128.13,82.69,82.02,76.12,82.53
2016/1/27,17470,17690,17390,17580,603091,17580,118.31,169.62,128.38,83.79,83.21,76.9,82.98
2016/1/28,17490,17680,17370,17490,504175,17490,118.61,169.03,129.23,84.15,83.35,76.35,82.83
2016/1/29,17530,18200,17170,18020,1637608,18020,118.87,170.7,129.92,84.62,84.23,77.05,83.31
2016/2/1,18300,18370,18150,18320,869125,18320,121.19,172.57,131.31,86.58,85.44,78.3,84.93
2016/2/2,18120,18320,18120,18200,524535,18200,120.9,174.4,131.7,86.58,85.75,78.97,84.86
2016/2/3,17850,17910,17520,17650,1104675,17650,119.72,172.32,130.78,84.94,83.92,78.19,83.7
2016/2/4,17470,17650,17370,17480,715323,17480,117.77,171.93,130.87,85.55,84.41,78.47,83.21
2016/2/5,17240,17330,17050,17260,834267,17260,116.99,170.5,131.03,85.05,84.19,78.72,83.65
2016/2/8,17020,17530,16970,17430,829168,17430,116.97,169.71,130.29,84.17,82.98,77.63,83.13
2016/2/9,16770,16820,16440,16520,1163040,16520,115.36,166.44,129.3,82.69,81.22,76.13,81.91
2016/2/10,16560,16580,15820,16090,1691513,16090,114.79,166,129.62,82.57,81.04,76.15,82.22
2016/2/12,15600,15680,15250,15340,2133508,15340,112.41,162.63,127.07,80.67,79.87,75.19,80.91
2016/2/15,15950,16570,15890,16430,1317572,16430,113.33,164.51,127.28,81.91,80.63,75.06,81.12
2016/2/16,16260,16760,16220,16460,911624,16460,114.66,165.67,128.03,83.19,82.28,76.41,82.08
2016/2/17,16390,16620,16020,16250,864462,16250,114.34,163.44,127.26,82.44,81.3,75.22,81.26
2016/2/18,16720,16760,16510,16600,551658,16600,113.97,162.81,126.89,83.35,81.48,75.58,81.15
2016/2/19,16410,16440,16190,16390,677728,16390,112.97,161.75,125.71,82.06,80.58,74.82,80.34
2016/2/22,16230,16600,16210,16510,648734,16510,112.82,161.25,125.33,81.84,80.75,74.84,80.25
2016/2/23,16610,16770,16400,16460,1015959,16460,112.62,159.23,124.25,82.13,81.38,75.47,80.43
2016/2/24,16250,16410,16140,16300,577963,16300,111.95,156.74,123.28,81.13,80.64,74.23,79.59
2016/2/25,16370,16640,16360,16580,477067,16580,112.18,156.23,123.56,81.82,80.51,74.78,79.95
2016/2/26,16730,16900,16600,16600,710051,16600,113.02,157.98,124.72,83.51,81.91,76.48,80.77
2016/2/29,16760,16890,16470,16480,470419,16480,113.64,157.53,124.06,83.82,80.95,74.75,80.6
2016/3/1,16440,16520,16260,16490,352757,16490,112.46,156.59,122.31,83.07,80.14,74.27,80
2016/3/2,16960,17250,16890,17160,1356335,17160,113.96,159,123.91,84.86,82.32,75.62,81.34
2016/3/3,17120,17400,17120,17380,818697,17380,113.71,159.98,123.56,84.65,82.87,75.75,81.37
2016/3/4,17360,17490,17300,17430,413495,17430,113.65,160.99,124.47,84.69,83.53,76.51,81.92
2016/3/7,17480,17480,17330,17360,417264,17360,113.7,161.5,125,85.28,84.25,77.21,82.59
2016/3/8,17330,17350,17000,17200,691142,17200,113.01,161.2,124.53,85.01,84.19,76.68,81.81
2016/3/9,17070,17150,16930,17090,493849,17090,112.49,159.71,123.65,83.8,83.59,75.87,81.22
2016/3/10,17240,17320,17130,17290,342758,17290,113.31,160.93,124.44,85.4,84.65,75.19,81.98
2016/3/11,17030,17460,16990,17380,656154,17380,113.3,161.72,126.81,85,84.47,75.74,82.06
2016/3/14,17600,17750,17590,17660,889405,17660,113.89,163.68,127.06,86.13,86.19,76.77,82.87
2016/3/15,17690,17740,17480,17550,424947,17550,113.9,162.63,126.36,85.74,85.44,75.94,82.6
2016/3/16,17430,17550,17390,17420,391080,17420,113.32,160.27,125.89,84.86,84.66,74.84,82.12
2016/3/17,17550,17690,17240,17370,632982,17370,112.88,161.03,126.48,86.12,85.5,76.17,82.63
2016/3/18,17330,17360,17040,17150,586332,17150,111.16,161.03,125.74,85.53,85.03,76.04,82.29
2016/3/22,17400,17560,17280,17460,703785,17460,111.93,160.9,125.79,85.52,84.74,75.73,82.14
2016/3/23,17500,17580,17400,17460,401096,17460,112.25,159.73,125.87,86.09,85.74,75.95,82.54
2016/3/24,17380,17480,17280,17330,409673,17330,112.47,158.66,125.8,85,84.41,75.42,82.12
2016/3/25,17380,17460,17320,17420,316170,17420,113.19,159.87,126.29,85.45,85.2,75.83,82.58
2016/3/28,17550,17610,17390,17530,819585,17530,113.45,160.23,126.53,85.49,85.1,75.84,82.62
2016/3/29,17530,17700,17500,17660,868089,17660,113.28,161.44,126.85,85.9,85.53,76.32,82.76
2016/3/30,17620,17640,17430,17450,582611,17450,112.66,162.07,127.24,86.21,85.98,77.37,83.13
2016/3/31,17580,17610,17310,17320,567597,17320,112.69,161.89,127.57,86.8,86.24,77.89,83.33
2016/4/1,17290,17290,16650,16710,1404780,16710,112.34,161.3,127.85,86.56,86.32,77.86,83.43
2016/4/4,16630,16780,16570,16640,621432,16640,111.47,158.72,127.2,85.54,85.42,76.87,82.67
2016/4/5,16600,16610,16220,16250,940607,16250,111.02,158.45,126.55,84.79,84.25,75.6,81.96
2016/4/6,16240,16360,16120,16240,770588,16240,110.42,156.28,125.67,84.05,83.36,75.13,81.51
2016/4/7,16240,16400,16140,16270,481779,16270,109.65,155.01,125.11,83.88,83.54,74.92,81.41
2016/4/8,16000,16570,15990,16370,934939,16370,108.86,153.06,123.75,82.84,81.83,73.85,80.52
2016/4/11,16300,16320,16040,16300,694785,16300,108.08,152.62,123.18,83.1,81.54,73.65,80.14
2016/4/12,16270,16500,16220,16460,476660,16460,108.09,153.82,123.26,83.73,82.11,74.17,80.4
2016/4/13,16710,16950,16680,16920,899530,16920,108.69,155.07,123.62,85.07,83.4,75.29,80.83
2016/4/14,17200,17480,17160,17460,1508128,17460,109.38,154.96,123.21,85.12,83.47,75.33,80.34
2016/4/15,17290,17500,17280,17390,491054,17390,109.74,155.25,123.46,85.57,84.37,75.23,80.47
2016/4/18,16840,16980,16790,16820,688510,16820,107.99,153.13,122,83.26,82.67,74.39,79.36
2016/4/19,17290,17470,17290,17440,485691,17440,109.08,155.85,123.37,85.43,84.78,76.16,80.75
2016/4/20,17600,17680,17430,17470,954850,17470,109.2,157.14,124.01,85.99,85.13,76.56,81.56
2016/4/21,17850,17960,17130,17910,1644957,17910,109.72,157.14,123.98,86.66,85.5,76.4,81.45
2016/4/22,17770,18160,17760,18130,1390642,18130,109.38,156.77,123.56,86.1,85,75.76,81.12
2016/4/25,18210,18220,17980,18030,539481,18030,111.33,160.73,124.96,87.72,85.61,76.21,82.16
2016/4/26,17950,18020,17770,17910,527398,17910,111.03,160.89,125.06,87.59,85.67,76.31,82.12
2016/4/27,17970,18000,17800,17900,533740,17900,111.25,162.21,125.73,88.22,86.31,76.72,82.51
2016/4/28,18050,18170,17100,17220,1206593,17220,111.73,162.35,126.33,88.75,84.9,77.24,82.95
2016/5/2,16520,16700,16490,16680,939296,16680,106.46,155.58,122.14,84.95,81.09,74.7,79.28
2016/5/6,16740,16820,16520,16650,444542,16650,107.39,155.48,122.33,83.4,80.17,73.9,78.95
2016/5/9,16770,16830,16690,16780,386922,16780,107.46,154.86,122.29,83.01,79.13,73.44,78.81
2016/5/10,16840,17150,16770,17150,623044,17150,108.48,156.36,123.49,83.61,79.21,73.1,79.08
2016/5/11,17310,17380,17080,17130,596595,17130,109.17,157.75,124.16,84.53,80.62,74.37,79.82
2016/5/12,16990,17230,16910,17210,376990,17210,108.37,156.48,123.79,84.32,79.91,74,79.3
2016/5/13,17270,17360,16940,16970,483519,16970,108.94,157.32,123.92,84.79,79.72,74.28,79.26
2016/5/16,16990,17190,16960,17000,465277,17000,108.84,156.16,123.05,83.99,79.1,73.54,79.26
2016/5/17,17200,17230,17060,17220,359652,17220,108.94,157.4,123.33,84.4,79.38,73.87,79.59
2016/5/18,17150,17370,17070,17210,608986,17210,108.83,157.22,123.03,84.23,79.49,73.92,79.29
2016/5/19,17360,17410,17140,17210,378387,17210,110.13,160.58,123.6,84.44,79.52,74.28,79.72
2016/5/20,17160,17340,17110,17300,406334,17300,110.09,160.74,123.26,84.13,79.63,74.43,79.86
2016/5/23,17240,17260,16970,17210,642010,17210,109.81,159.24,123.25,83.77,79.48,74.45,79.68
2016/5/24,17150,17160,17010,17040,402770,17040,109.3,158.36,122.54,83.12,78.84,73.69,79.25
2016/5/25,17360,17390,17280,17330,853570,17330,110.17,161.05,122.67,83.98,79.25,74.35,79.78
2016/5/26,17510,17540,17290,17320,844929,17320,109.45,160.98,122.26,84.04,78.69,73.53,79.55
2016/5/27,17410,17470,17350,17400,302524,17400,109.83,161.01,122.84,84.6,79.41,74.16,79.98
2016/5/30,17540,17640,17470,17640,466562,17640,110.73,161.75,122.92,84.71,79.45,74.02,80.18
2016/5/31,17570,17840,17560,17800,1283733,17800,110.94,162.68,123.61,85.02,79.81,74.49,80.46
2016/6/1,17670,17730,17470,17500,865815,17500,110.62,159.97,123.06,84.57,80.1,75.06,80.25
2016/6/2,17380,17390,17080,17120,1038074,17120,109.38,157.74,122.42,83.68,79.26,74.55,79.5
2016/6/3,17170,17280,17110,17200,378031,17200,108.87,156.78,121.36,83.11,78.68,74.23,79.16
2016/6/6,16910,17140,16860,17140,623930,17140,106.61,153.44,120.96,82.21,78.12,73.85,78.45
2016/6/7,17200,17270,17090,17230,288854,17230,107.39,155.23,121.96,83.75,79.19,74.22,79.19
2016/6/8,17270,17380,17130,17380,385559,17380,107.12,155.8,121.68,84.03,79.82,74.68,79.21
2016/6/9,17280,17350,17150,17210,357920,17210,106.75,154.94,121.74,84.15,79.95,76.06,79.29
2016/6/10,17190,17200,17050,17140,387822,17140,107.1,154.8,121.01,84.1,79.4,76.15,79.1
2016/6/13,16840,16870,16580,16590,938739,16590,106.46,151.38,119.77,83.27,78.47,74.99,78.19
2016/6/14,16530,16640,16300,16400,980222,16400,106.09,150.76,119.84,82.72,78.45,74.76,78.35
2016/6/15,16320,16540,16270,16480,556379,16480,106.12,149.8,118.92,82.46,77.9,74,78.24
2016/6/16,16400,16450,15910,15960,1074142,15960,105.65,149.95,119.07,81.91,78.43,74.82,78.22
2016/6/17,16220,16320,16110,16150,680257,16150,104.73,149.5,117.98,81.09,77.37,73.94,77.71
2016/6/20,16400,16580,16390,16490,511483,16490,104.72,152.78,118.88,81.54,77.95,74.22,77.88
2016/6/21,16400,16750,16300,16690,999152,16690,103.83,152.06,117.65,81.17,77.59,73.95,77.32
2016/6/22,16650,16700,16520,16600,327623,16600,104.62,153.48,117.59,81.64,77.9,74.53,77.89
2016/6/23,16660,16810,16590,16760,578877,16760,104.79,155.21,118.72,81.84,78.82,75.12,78.36
2016/6/24,16890,16950,15350,15450,2695980,15450,105.81,154.35,119.61,82.45,80.24,76.48,78.77
2016/6/27,15680,15850,15570,15840,1188744,15840,102.25,136.9,112.63,78.3,75.82,72.35,75.12
2016/6/28,15620,15990,15510,15880,993501,15880,101.63,134.39,112,77.76,74.74,71.32,74.71
2016/6/29,16100,16170,15930,16110,596274,16110,102.4,136.13,113.24,78.52,75.68,72.34,75.66
2016/6/30,16310,16340,16140,16150,435045,16150,102.96,138.42,114.36,79.6,76.78,73.24,76.43
2016/7/1,16260,16320,16170,16220,389587,16220,102.95,137.4,114.4,79.41,76.75,73.53,76.51
2016/7/4,16100,16370,16100,16330,545194,16330,102.55,136.16,114.08,79.41,76.67,73.62,76.23
2016/7/5,16230,16260,16140,16200,584234,16200,102.39,135.88,114,79.54,77.01,73.78,75.99
2016/7/6,15680,15700,15440,15650,1122316,15650,101.08,130.99,111.7,77.69,75.22,71.91,74.67
2016/7/7,15640,15700,15500,15550,375778,15550,101.01,130.6,111.97,77.92,75.99,72.11,74.83
2016/7/8,15560,15680,15370,15390,573834,15390,100.97,130.6,111.71,77.69,75.81,73.25,74.88
2016/7/11,15740,16090,15740,15980,729711,15980,100.83,130.42,111.28,77.18,76.17,73.43,74.86
2016/7/12,16310,16530,16300,16350,840809,16350,102.7,133.53,113.58,78.23,77.5,74.31,76.02
2016/7/13,16750,16760,16480,16490,672920,16490,104.64,138.93,115.71,80.1,79.56,76.12,77.64
2016/7/14,16530,16690,16500,16670,593785,16670,104.11,136.51,115.49,80.22,79.07,75.71,77.27
2016/7/15,16740,16890,16690,16780,960740,16780,105.66,141.37,117.43,81.88,80.49,75.54,78.66
2016/7/19,16900,17020,16800,17010,1404062,17010,105.98,140.43,117.31,81.66,79.93,74.53,78.48
2016/7/20,16920,16980,16830,16940,542774,16940,106.03,138.84,116.78,81.37,79.5,74.5,78.19
2016/7/21,17170,17230,17020,17080,590320,17080,107.28,141.92,118.04,82.07,80.06,74.8,78.98
2016/7/22,16850,16970,16840,16880,328024,16880,105.72,140.02,116.59,80.78,79.29,73.94,78.06
2016/7/25,16940,17060,16890,16910,355989,16910,106.51,139.85,116.72,81.05,79.49,74.35,78.25
2016/7/26,16820,16830,16590,16670,441081,16670,105.01,137.46,115.34,79.36,78.38,73.36,77.07
2016/7/27,16850,17120,16820,16950,1062110,16950,105.13,138.11,115.54,79.76,78.92,74.03,77.42
2016/7/28,16860,16890,16720,16770,830744,16770,104.69,138.5,115.87,79.66,78.79,74.42,77.58
2016/7/29,16720,16990,16420,16850,1454934,16850,104.47,137.58,115.66,79.43,78.57,74.22,77.35
2016/8/1,16650,16960,16600,16910,1097916,16910,102.47,135.59,114.49,78.5,77.75,73.76,76.45
2016/8/2,16740,16820,16660,16670,629657,16670,102.38,135.09,114.34,78.02,77.18,73.53,76.32
2016/8/3,16460,16560,16320,16360,681025,16360,101.15,134.85,113.43,77.13,76.83,72.98,75.41
2016/8/4,16410,16550,16180,16520,1285464,16520,101.25,135.02,112.85,77.61,77.1,72.59,75.53
2016/8/5,16530,16630,16500,16530,385513,16530,101.26,132.9,112.73,77.73,77.36,72.76,75.47
2016/8/8,16800,16930,16770,16920,533354,16920,102.13,133.61,113.2,77.45,77.66,72.66,75.72
2016/8/9,16920,17060,16910,17040,533512,17040,102.39,133.14,113.52,77.8,78.36,73.23,75.95
2016/8/10,16980,17110,16940,16990,507526,16990,101.63,132.64,113.17,77.66,78.15,73.03,75.72
2016/8/12,17130,17240,17100,17190,581744,17190,102.21,132.47,113.76,78.7,78.42,73.52,75.99
2016/8/15,17160,17220,17130,17130,218231,17130,101.46,130.95,113.16,78.2,77.56,72.89,75.32
2016/8/16,17190,17190,16890,16890,351079,16890,101.11,130.32,113.06,78.22,77.58,72.89,75.34
2016/8/17,16890,17060,16880,17040,425813,17040,100.69,131.32,113.53,78.22,77.4,73.29,75.07
2016/8/18,16920,17000,16760,16780,434635,16780,99.81,130.25,112.75,77.66,76.34,72.4,74.44
2016/8/19,16850,16900,16730,16830,228879,16830,100.43,132.02,113.85,78.52,76.96,73.01,74.93
2016/8/22,16880,16910,16820,16880,267902,16880,100.62,131.26,113.56,77.96,76.43,72.81,74.48
2016/8/23,16820,16950,16730,16760,508365,16760,100.13,131.45,113.41,77.45,76.47,73.06,74.18
2016/8/24,16870,16930,16820,16850,237784,16850,100.38,132.34,113.46,77.68,76.43,73.07,74.23
2016/8/25,16860,16920,16800,16850,163167,16850,100.51,133.27,113.28,77.78,76.61,73.73,74.23
2016/8/26,16780,16780,16610,16660,429761,16660,100.45,132.72,113.39,77.78,76.62,73.44,74.29
2016/8/29,16970,17060,16960,17030,368410,17030,101.93,133.68,114.08,78.35,76.87,73.63,74.87
2016/8/30,17000,17050,16970,17050,373140,17050,101.92,133.62,113.96,78.3,77.15,73.96,75.01
2016/8/31,17160,17210,17130,17180,379203,17180,103.19,134.88,114.91,78.69,77.48,74.59,75.65
2016/9/1,17180,17250,17160,17220,300774,17220,103.18,135.5,115.12,78.67,77.63,74.81,75.73
2016/9/2,17180,17240,17140,17220,312431,17220,103.28,137.09,115.68,78.83,77.95,75.23,75.94
2016/9/5,17420,17450,17310,17320,734488,17320,103.91,138.16,115.95,80.05,78.71,75.88,76.46
2016/9/6,17340,17400,17330,17370,216717,17370,103.61,137.87,115.45,80.13,78.77,75.7,76.34
2016/9/7,17200,17320,17200,17320,193445,17320,101.36,136,113.98,78.86,77.8,75.1,75.3
2016/9/8,17290,17300,17140,17270,447353,17270,101.63,135.72,114.3,78.9,78.06,75.89,75.51
2016/9/9,17290,17320,17200,17280,216857,17280,102.28,136.19,115.23,79.13,78.23,75.75,75.72
2016/9/12,17070,17100,16890,16960,438098,16960,102.66,136.22,115.44,78.57,77.42,75.37,75.42
2016/9/13,17070,17080,16950,17020,290050,17020,101.56,135.3,114.01,77.82,76.64,74.58,74.86
2016/9/14,16910,17000,16890,16910,161952,16910,102.85,135.44,115.38,78.11,76.86,74.5,75.22
2016/9/15,16810,16820,16650,16700,380352,16700,102.5,135.95,115.26,77.65,76.58,74.51,75.14
2016/9/16,16750,16820,16710,16820,248273,16820,102,134.94,114.64,77.48,76.48,74.57,74.84
2016/9/20,16700,16880,16680,16770,204909,16770,101.94,132.88,113.86,77.2,76.8,74.39,74.81
2016/9/21,16760,17110,16650,17110,786389,17110,101.79,132.27,113.53,77.22,76.83,74.49,74.75
2016/9/23,17060,17100,17010,17040,295718,17040,101.05,132.03,113.29,77.37,77.25,73.67,74.44
2016/9/26,17000,17000,16790,16810,316590,16810,100.8,130.89,113.19,76.61,76.87,73.06,74.24
2016/9/27,16680,16960,16570,16960,417391,16960,100.31,129.96,112.76,75.62,76.5,72.89,73.67
2016/9/28,16900,16920,16780,16860,326496,16860,100.55,130.8,112.69,76.14,77.2,73.26,73.97
2016/9/29,17020,17170,17000,17100,526914,17100,101.19,132.03,113.59,77.5,77.91,73.77,74.38
2016/9/30,16900,16900,16800,16860,512950,16860,101.12,131,113.29,76.8,77.07,73.12,74.03
2016/10/3,16990,17060,16960,17000,311409,17000,101.43,131.13,113.91,77.34,77.69,73.68,74.35
2016/10/4,17070,17150,17040,17110,424545,17110,102.05,131.07,114.33,77.79,78.43,74.52,74.65
2016/10/5,17190,17250,17130,17240,384555,17240,102.73,130.73,115.18,77.9,78.31,73.82,74.95
2016/10/6,17330,17390,17290,17310,485598,17310,103.45,131.9,115.92,78.49,78.79,74.11,75.6
2016/10/7,17280,17310,17230,17280,390338,17280,103.76,128.63,115.53,78.39,78.49,74.05,75.6
2016/10/11,17350,17490,17350,17440,459156,17440,103.95,128.28,115.7,78.89,78.87,73.88,75.5
2016/10/12,17280,17370,17250,17270,283869,17270,103.64,127.1,114.39,78.25,78.36,73.23,75.15
2016/10/13,17350,17400,17150,17180,509701,17180,104.54,127.12,115.01,78.65,78.67,73.59,75.42
2016/10/17,17270,17360,17240,17330,230406,17330,104.21,126.76,114.27,79.2,79.15,73.87,74.84
2016/10/19,17370,17440,17360,17410,216281,17410,103.75,127.45,114.03,79.24,79.68,74.9,74.93
2016/10/20,17400,17660,17400,17640,1009907,17640,103.64,127.44,113.68,78.88,79.9,75.23,74.74
2016/10/21,17690,17720,17580,17620,294705,17620,104.14,127.57,113.69,78.65,79.44,74.81,74.83
2016/10/24,17680,17680,17590,17660,177328,17660,103.89,126.86,113,77.83,79.08,74.42,74.62
2016/10/25,17750,17810,17730,17810,358314,17810,104.49,127.71,113.54,78.23,79.41,74.48,74.95
2016/10/26,17740,17820,17720,17800,313435,17800,104.17,126.7,113.28,77.98,80.09,74.6,74.97
2016/10/27,17780,17840,17700,17760,283704,17760,104.58,127.82,114.01,78.11,80,74.8,75.18
2016/10/28,17870,17890,17830,17880,409013,17880,105.21,128.09,114.69,78.59,79.88,74.98,75.42
2016/10/31,17790,17860,17750,17860,219737,17860,104.81,127.76,114.95,78.07,79.53,74.89,75.25
2016/11/1,17830,17910,17760,17880,373066,17880,104.79,128.05,114.93,78.06,79.67,74.99,75.33
2016/11/2,17680,17710,17500,17570,622735,17570,104.15,127.46,115.12,77.81,79.66,75.08,74.94
2016/11/4,17400,17410,17230,17320,574838,17320,103.01,128.53,114.32,76.9,79.15,75.4,74.41
2016/11/7,17590,17620,17490,17610,355671,17610,103.98,129.76,115.35,77.66,79.78,76.14,75.01
2016/11/8,17680,17680,17550,17590,274682,17590,104.53,129.56,115.4,78.12,80.59,76.65,75.1
2016/11/9,17730,17870,16500,16720,3517265,16720,105.11,130.09,115.71,79.14,81.62,77.71,75.74
2016/11/10,17740,17820,17530,17750,1874755,17750,105.65,131.43,115.43,78.76,80.97,77.1,75.47
2016/11/11,17950,18050,17750,17800,1217952,17800,106.67,133.79,116.12,79.03,80.89,76.69,75.44
2016/11/14,17920,18140,17900,18100,913762,18100,107.38,134.6,115.91,79.22,80.9,76.05,75.8
2016/11/15,18130,18150,18040,18100,436000,18100,107.92,134.93,116.2,79.73,81.7,77.01,76.46
2016/11/16,18290,18340,18250,18320,1128466,18320,109.04,135.77,117.11,81.12,82.26,77.28,77.11
2016/11/17,18220,18320,18210,18300,351689,18300,108.73,135.24,116.42,80.93,81.28,77.15,76.84
2016/11/18,18490,18500,18420,18420,928083,18420,110.21,136.81,116.94,81.34,81.53,77.49,77.44
2016/11/21,18490,18580,18450,18540,408621,18540,110.95,137.12,117.62,82.29,81.33,77.82,77.82
2016/11/22,18510,18620,18490,18600,465598,18600,110.53,138.25,117.55,82.42,81.59,78.14,77.74
2016/11/24,18800,18840,18760,18780,641575,18780,112.43,139.81,118.51,83.21,82.98,78.7,78.41
2016/11/25,18850,18940,18740,18840,825855,18840,113.78,141.71,120.05,84.24,84.36,79.68,79.43
2016/11/28,18750,18820,18660,18800,467622,18800,112.28,139.98,119.31,83.11,83.63,79.27,78.92
2016/11/29,18680,18770,18680,18750,257712,18750,111.91,138.86,118.74,83.45,83.84,79.23,78.63
2016/11/30,18800,18820,18720,18740,363639,18740,112.42,140.4,119.66,83.68,84.14,80.28,78.97
2016/12/1,19050,19210,18910,18960,982671,18960,114.38,143.31,121.2,85.21,84.46,81.03,79.81
2016/12/2,18890,18930,18760,18870,596634,18870,113.75,142.98,121.33,85.52,84.5,80.72,79.84
2016/12/5,18790,18820,18680,18730,618374,18730,113.78,144.22,120.24,85.26,84.61,80.58,79.87
2016/12/6,18910,18950,18760,18810,341223,18810,113.62,144.57,122.13,85.6,84.69,81.24,80.12
2016/12/7,18890,18950,18850,18940,533590,18940,114.16,144.53,122.3,85.93,84.72,81.28,80.28
2016/12/8,19140,19220,19060,19210,468837,19210,113.81,143.94,122.38,86.03,85.22,82.03,80.29
2016/12/9,19240,19510,19240,19480,992489,19480,114.27,143.81,121.29,86.54,85.18,82,80.22
2016/12/12,19680,19750,19520,19620,544215,19620,115.5,145.44,121.73,87.93,85.93,82.2,80.6
2016/12/13,19550,19730,19520,19720,574203,19720,115,145.82,122.37,87.59,86.27,82.78,80.77
2016/12/14,19750,19760,19650,19710,357071,19710,115.17,145.79,122.46,87.65,86.25,82.92,80.88
2016/12/15,19800,19910,19650,19740,892927,19740,117.75,147.47,123.45,88.4,87.21,83.46,81.69
2016/12/16,19890,19920,19820,19860,541953,19860,118.14,146.41,123.21,88.59,86.93,83.12,81.94
2016/12/19,19790,19870,19770,19870,332256,19870,117.63,146.91,123.03,88.17,85.82,82.05,81.47
2016/12/20,19840,19990,19830,19960,453711,19960,117.15,145.34,121.92,87.42,85,81.16,80.95
2016/12/21,20000,20070,19840,19920,687774,19920,117.96,145.76,122.58,88.17,85.7,81.7,81.6
2016/12/22,19890,19890,19800,19880,348621,19880,117.73,145.62,122.75,87.62,85.28,81.32,81.44
2016/12/26,19880,19910,19860,19870,191167,19870,117.03,143.88,122.31,86.64,84.09,80.8,80.86
2016/12/27,19840,19960,19830,19870,234988,19870,117.46,144.29,122.68,86.8,84.32,80.88,81.1
2016/12/28,19910,19950,19860,19920,297785,19920,117.67,144.62,123.11,86.68,84.68,81.2,81.24
2016/12/29,19810,19810,19580,19630,486844,19630,117.19,143.26,122.04,86.46,84.25,81.14,80.78
2016/12/30,19480,19670,19470,19580,396139,19580,116.53,143.06,122.73,86.47,84.37,81.24,80.62
2017/1/4,19790,20100,19780,20080,749647,20080,117.96,144.17,122.61,87.74,85.25,81.29,81.38
2017/1/5,20100,20120,19960,20020,679991,20020,116.62,143.94,122.79,87.77,85.07,81.52,81.08
2017/1/6,19850,19980,19830,19950,474555,19950,115.75,143.59,122.59,87.42,84.9,81.14,80.9
2017/1/10,19910,19980,19750,19820,388580,19820,116.01,140.89,122.85,87.74,85.19,81.37,80.79
2017/1/11,19860,19890,19830,19860,351023,19860,115.96,141.27,122.38,87.52,85.39,80.89,80.67
2017/1/12,19760,19780,19560,19640,591801,19640,115.22,140.29,121.82,87.49,85.64,81.29,80.67
2017/1/13,19660,19790,19650,19790,372166,19790,115.03,139.85,122.07,87.46,86.07,81.75,80.54
2017/1/16,19710,19740,19550,19610,481413,19610,114.33,137.76,121.53,87.06,85.72,81.38,80.01
2017/1/17,19560,19560,19310,19320,658995,19320,114.16,137.54,121.03,86.6,85.25,81.09,79.84
2017/1/18,19240,19430,19130,19400,689105,19400,112.79,139.48,120.72,86.3,85.1,81.11,79.5
2017/1/19,19550,19620,19470,19580,308724,19580,114.88,140.74,122,86.59,86.08,81.77,80.35
2017/1/20,19540,19680,19530,19630,335402,19630,115.16,142.06,122.68,86.41,87.04,82.75,80.7
2017/1/23,19450,19520,19360,19400,437368,19400,113.96,141.22,122.22,85.66,86.2,81.85,80.25
2017/1/24,19290,19400,19260,19290,399512,19290,112.77,141.28,121.34,85.26,85.5,81.65,79.57
2017/1/25,19570,19630,19460,19510,871864,19510,113.74,142.56,122.04,86.47,85.91,82.43,80.06
2017/1/26,19740,19900,19720,19870,430065,19870,113.16,143,121.81,86.65,85.78,82.6,80.16
2017/1/27,19960,19980,19890,19930,406369,19930,114.63,144.41,122.47,87.49,86.36,83.06,80.4
2017/1/30,19850,19880,19790,19860,200917,19860,114.7,144.4,122.99,87.3,86.6,83.39,80.44
2017/1/31,19610,19680,19520,19540,572642,19540,113.81,142.43,121.71,86.79,86.09,82.89,80.11
2017/2/1,19420,19640,19400,19640,469320,19640,113.08,142.24,122,86.56,85.65,82.45,80.06
2017/2/2,19660,19660,19350,19410,641040,19410,113.07,143.33,121.88,86.8,86.24,82.51,80.13
2017/2/3,19500,19550,19310,19400,463324,19400,112.98,141.38,121.51,86.72,86.46,82.31,79.95
2017/2/6,19580,19590,19390,19450,269708,19450,112.47,140.46,121.22,86.37,86.22,82.29,79.95
2017/2/7,19320,19460,19290,19400,234788,19400,111.77,139.42,119.88,85.3,85.37,81.67,79.1
2017/2/8,19420,19490,19350,19470,130284,19470,112.46,140.45,120.04,85.24,85.74,82.14,79.29
2017/2/9,19430,19470,19350,19390,126467,19390,112.04,140.31,119.71,85.16,85.45,81.04,79.04
2017/2/10,19730,19890,19690,19860,582789,19860,113.74,142.4,121.18,86.52,86.76,81.73,79.99
2017/2/13,20000,20020,19910,19960,475382,19960,113.95,142.21,121.05,86.91,87.33,81.96,80
2017/2/14,19980,19990,19720,19740,385408,19740,113.7,142.47,120.5,86.98,87.07,81.63,79.93
2017/2/15,19960,19990,19920,19920,553083,19920,114.51,142.59,120.99,87.44,87.69,81.93,80.5
2017/2/16,19910,19920,19750,19820,348707,19820,114.09,142.13,121.13,87.32,87.99,82.46,80.38
2017/2/17,19720,19760,19650,19730,265422,19730,113.47,141.75,120.98,86.77,87.26,81.79,80.04
2017/2/20,19670,19760,19600,19740,196105,19740,112.87,140.2,119.85,86.17,86.54,81.05,79.63
2017/2/21,19760,19890,19760,19860,112658,19860,113.44,141.37,120.08,86.44,87.09,81.26,79.84
2017/2/22,19930,19930,19820,19860,131029,19860,113.64,141.98,119.79,86.53,87.18,81.35,80.03
2017/2/23,19860,19870,19750,19870,118747,19870,113.38,141.1,119.57,86.1,87.08,81.6,80.1
2017/2/24,19750,19890,19710,19800,215524,19800,112.88,141.64,119.34,86.08,87,81.56,80.13
2017/2/27,19650,19680,19490,19660,430016,19660,112.16,139.27,118.46,85.53,86.02,80.68,79.81
2017/2/28,19720,19770,19630,19630,206494,19630,112.44,139.75,118.91,85.21,86.23,80.75,79.94
2017/3/1,19720,19920,19660,19910,489398,19910,113.13,140.05,119.45,84.94,86.69,80.99,80.44
2017/3/2,20150,20180,20060,20060,1183536,20060,113.99,140.07,120.13,85.41,87.25,81.41,80.82
2017/3/3,20060,20090,19890,19980,298779,19980,114.32,140.36,120.21,85.4,86.54,80.73,80.92
2017/3/6,19920,19920,19840,19890,129342,19890,113.81,139.87,120.79,84.94,86.28,79.94,80.68
2017/3/7,19830,19880,19820,19840,145979,19840,114.03,139.53,120.59,85.03,86.53,79.72,80.71
2017/3/8,19820,19840,19690,19760,277833,19760,113.89,139.04,120.36,84.94,86.49,79.28,80.73
2017/3/9,19860,19860,19770,19820,118394,19820,114.6,139.42,120.74,84.91,86.26,79.15,80.8
2017/3/10,20000,20130,19950,20110,499861,20110,115.23,140.13,121.99,85.3,86.49,79.51,81.07
2017/3/13,20040,20170,20040,20130,284734,20130,114.84,139.76,122.71,85.26,86.55,79.49,81.25
2017/3/14,20150,20150,20100,20110,214476,20110,114.85,140.2,122.36,85.36,86.73,79.45,81.2
2017/3/15,20040,20090,20000,20090,134347,20090,114.84,139.65,121.86,85.22,86.82,79.58,81.13
2017/3/16,19960,20130,19950,20090,312676,20090,113.28,139.13,121.65,85.24,87.11,79.62,80.72
2017/3/17,20010,20050,19990,20020,133967,20020,113.48,140.22,122.15,85.19,87.11,79.35,80.9
2017/3/21,19920,20000,19840,19960,348375,19960,112.4,139.11,120.99,84.34,86.91,79.31,80.46
2017/3/22,19590,19680,19520,19550,766335,19550,111.72,139.44,120.66,83.58,85.66,78.61,79.66
2017/3/23,19570,19610,19460,19600,427558,19600,111.5,139.07,120.23,83.61,85.38,78.41,79.64
2017/3/24,19590,19800,19550,19750,244674,19750,111.39,139.18,119.89,83.39,84.99,78.33,79.54
2017/3/27,19550,19590,19420,19480,389517,19480,110.45,138.26,119.78,82.8,84.23,77.88,79.11
2017/3/28,19630,19690,19590,19670,248911,19670,110.71,139.07,120.22,82.7,84.52,78,79.37
2017/3/29,19840,19880,19780,19840,411027,19840,111.05,137.84,120.14,82.95,84.91,77.79,79.51
2017/3/30,19800,19840,19660,19670,236417,19670,111.39,138.56,119.71,83.51,85.42,78.28,79.83
2017/3/31,19800,19840,19540,19540,285737,19540,112.2,139.98,119.78,84.03,85.81,78.45,80.29
2017/4/3,19590,19700,19540,19610,251244,19610,111.26,139.49,118.76,83.55,84.96,78.02,79.69
2017/4/4,19550,19570,19320,19420,725894,19420,110.59,138.08,117.99,82.54,83.95,77.48,79.17
2017/4/5,19510,19560,19390,19490,183509,19490,110.77,137.81,118.32,82.66,83.84,77.35,79.21
2017/4/6,19380,19420,19140,19220,735664,19220,110.57,138.09,118,82.24,83.6,77.1,78.95
2017/4/7,19360,19390,19120,19300,546985,19300,110.99,138.27,118.14,82.67,83.69,77.37,79.14
2017/4/10,19410,19470,19380,19430,155039,19430,111.47,137.96,117.92,83.09,83.65,77.28,79.24
2017/4/11,19310,19390,19270,19350,259776,19350,110.8,137.64,117.36,83.15,83.18,77.13,78.82
2017/4/12,19200,19210,19070,19160,676253,19160,109.58,136.81,116.23,82.17,82.16,76.21,78.1
2017/4/13,19000,19070,18910,19050,483662,19050,108.87,136.68,116.14,82.2,82.04,76.06,78.02
2017/4/14,18960,19020,18880,18920,253051,18920,109.25,136.62,115.88,81.96,82.6,76.42,78.11
2017/4/17,18840,18970,18820,18970,222178,18970,108.32,135.84,114.99,81.4,82.23,76.15,77.7
2017/4/18,19100,19160,18960,19020,224464,19020,109.19,137.16,116.2,81.94,82.86,76.6,78.11
2017/4/19,18940,19070,18920,19050,190012,19050,108.54,139.37,116.43,81.04,81.95,76.46,77.75
2017/4/20,19060,19120,19020,19050,269212,19050,109.05,139.41,116.83,80.87,81.84,76.74,77.97
2017/4/21,19190,19250,19140,19240,203494,19240,109.3,139.88,117.11,81.1,82.15,76.43,78.14
2017/4/24,19520,19540,19450,19490,334906,19490,109.92,140.85,119.22,81.49,83.18,77.42,78.9
2017/4/25,19480,19730,19470,19700,515455,19700,109.93,140.5,119.41,81.08,83.12,77.04,78.89
2017/4/26,19810,19910,19790,19900,639991,19900,111.38,142.93,121.86,82.08,83.97,77.35,79.95
2017/4/27,19840,19900,19830,19870,332490,19870,111.34,143.01,121.41,81.65,83.32,76.84,79.79
2017/4/28,19870,19890,19780,19830,249026,19830,111.29,143.55,120.84,81.63,83.24,76.59,79.71
2017/5/1,19840,19940,19840,19930,291767,19930,111.5,144.14,121.52,81.64,83.5,76.54,79.79
2017/5/2,19970,20100,19970,20070,440566,20070,111.98,144.49,122.15,81.92,84.52,77.53,80.26
2017/5/8,20370,20590,20350,20540,1563967,20540,112.77,146.14,123.69,82.54,83.48,77.8,80.18
2017/5/9,20560,20580,20490,20490,568276,20490,113.3,146.66,123.73,82.73,83.76,78.41,80.55
2017/5/10,20540,20600,20510,20570,261704,20570,113.88,147.52,124.08,83.06,83.77,78.54,80.74
2017/5/11,20610,20650,20550,20620,463961,20620,114.24,147.8,124.21,83.23,84.08,78.06,80.94
2017/5/12,20560,20600,20450,20530,279902,20530,113.96,146.78,123.79,83.13,84.1,77.82,80.92
2017/5/15,20410,20520,20400,20510,202474,20510,113.43,146.18,123.91,82.71,83.86,77.99,80.79
2017/5/16,20590,20660,20520,20580,310755,20580,113.77,146.9,124.96,83.48,84.53,78.49,81.42
2017/5/17,20460,20500,20420,20460,320780,20460,112.64,145.53,124.96,82.72,83.53,77.56,80.73
2017/5/18,20160,20250,20090,20200,379440,20200,111.07,144.06,124,81.61,82.48,77.05,79.83
2017/5/19,20240,20280,20140,20250,276873,20250,111.35,144.23,123.67,81.82,82.57,76.73,79.92
2017/5/22,20350,20380,20270,20340,243507,20340,111.54,144.77,124.81,82.38,83,77.25,80.41
2017/5/23,20290,20350,20230,20270,103572,20270,111.13,144.31,124.94,82.39,83.1,77.78,80.15
2017/5/24,20420,20430,20340,20390,203101,20390,111.82,145.01,125.12,82.69,83.47,78.39,80.39
2017/5/25,20370,20510,20370,20450,326815,20450,111.65,144.88,125.3,83.23,83.68,78.62,80.64
2017/5/26,20440,20450,20330,20350,184473,20350,111.8,144.33,125.26,82.9,83.34,78.52,80.69
2017/5/29,20340,20390,20270,20330,121693,20330,111.34,142.69,124.34,82.7,82.81,78.38,80.48
2017/5/30,20330,20340,20210,20330,206638,20330,111.1,142.31,123.7,82.47,82.49,78.25,80.09
2017/5/31,20270,20330,20240,20300,118546,20300,110.96,142.21,123.9,82.53,82.89,78.76,80.09
2017/6/1,20320,20540,20320,20500,408644,20500,110.94,142.81,124.64,82.2,82.38,78.56,80.11
2017/6/2,20610,20910,20610,20860,1043336,20860,111.65,143.84,125.2,82.59,82.45,78.87,80.53
2017/6/5,20780,20890,20760,20830,432206,20830,110.49,142.11,124.5,81.84,82.04,78.91,79.95
2017/6/6,20800,20810,20600,20640,478539,20640,110.2,142.31,124.11,81.76,82.47,78.57,79.76
2017/6/7,20620,20690,20570,20630,180430,20630,109.53,141.39,123.46,81.39,82.19,78.6,79.34
2017/6/8,20720,20730,20560,20580,216677,20580,109.99,142.53,123.74,81.36,82.91,79.12,79.47
2017/6/9,20630,20760,20590,20680,298454,20680,110.09,140.14,123.06,81.41,82.93,79.35,79.61
2017/6/12,20560,20610,20490,20570,167113,20570,110.24,140.53,123.51,81.94,83.04,79.41,79.64
2017/6/13,20510,20590,20510,20560,165714,20560,109.98,139.33,123.12,82.75,83.16,79.38,79.46
2017/6/14,20630,20670,20550,20550,314556,20550,110.07,140.31,123.4,83.2,82.99,79.48,79.68
2017/6/15,20490,20630,20410,20500,314197,20500,109.72,139.91,123.06,82.87,83.26,79.53,79.72
2017/6/16,20580,20670,20550,20610,189177,20610,111.08,141.83,123.87,83.76,84.34,80.02,80.31
2017/6/19,20620,20750,20610,20740,138516,20740,111.03,141.81,124.28,83.97,84.59,80.69,80.23
2017/6/20,20890,20990,20890,20890,454082,20890,111.75,142.22,124.52,84.5,84.86,80.71,80.55
2017/6/21,20840,20880,20780,20790,248383,20790,111.4,140.6,124.03,83.86,84.3,80.46,80.14
2017/6/22,20800,20850,20760,20770,120997,20770,111.14,140.85,124.04,83.44,84,80.58,80.06
2017/6/23,20800,20810,20740,20790,197068,20790,111.38,141.32,124.12,84.18,84.03,80.81,80.07
2017/6/26,20780,20860,20770,20810,92964,20810,111.3,141.9,124.58,83.93,84.2,81,80.24
2017/6/27,20890,20920,20850,20880,221959,20880,111.95,142.41,125.17,84.45,84.91,81.57,80.69
2017/6/28,20830,20910,20800,20830,183836,20830,112.08,143.59,127.05,85.06,85.16,81.55,80.85
2017/6/29,20950,20960,20890,20900,267214,20900,112.3,145.35,127.81,86.13,85.86,82.07,81.26
2017/6/30,20710,20730,20630,20720,854374,20720,112,145.82,127.95,86.27,86.22,82.02,81.25
2017/7/3,20720,20780,20710,20730,212917,20730,112.24,145.96,128.13,86.48,86.27,82.35,81.54
2017/7/4,20900,20900,20650,20710,419427,20710,113.21,146.69,128.77,87.17,86.85,82.48,81.95
2017/7/5,20420,20480,20290,20470,394798,20470,113.09,146.33,128.43,87.44,86.11,82.41,81.86
2017/7/6,20460,20470,20340,20400,263769,20400,113.04,146.1,128.18,87.14,85.87,82.2,81.87
2017/7/7,20280,20380,20250,20340,450842,20340,113.31,146.91,129.31,87.28,85.87,82.54,81.95
2017/7/10,20460,20530,20420,20490,182338,20490,114.14,147.22,130.11,88.57,86.79,83,82.61
2017/7/11,20470,20600,20470,20580,142863,20580,114.24,147.13,130.15,88.59,86.91,82.86,82.45
2017/7/12,20520,20540,20460,20500,238142,20500,113.72,146.27,130.48,88.08,86.98,82.16,82.35
2017/7/13,20560,20580,20460,20500,173613,20500,113.27,146.13,129.41,88.86,87.07,82.27,82.27
2017/7/14,20520,20540,20490,20530,147157,20530,113.53,146.89,129.38,89.15,87.94,83.19,82.59
2017/7/18,20460,20470,20330,20390,239666,20390,112.43,146.77,129.09,88.65,87.56,81.78,82.09
2017/7/19,20380,20420,20340,20420,226091,20420,111.99,145.93,129.29,88.67,88.79,82.36,81.97
2017/7/20,20430,20550,20420,20540,256901,20540,111.91,145.75,128.95,88.8,89.07,82.38,81.79
2017/7/21,20490,20520,20470,20500,148696,20500,112.04,145.17,130.18,88.98,88.93,82.86,81.97
2017/7/24,20370,20390,20290,20370,288971,20370,110.91,144.34,129.39,88.4,87.73,82.52,81.42
2017/7/25,20360,20430,20330,20360,167157,20360,111.35,145.01,129.56,88.94,88.11,82.77,81.71
2017/7/26,20510,20510,20420,20450,262495,20450,111.91,145.74,130.23,89.42,88.67,83.09,82.09
2017/7/27,20430,20580,20410,20460,222077,20460,110.9,145.45,130.07,89.08,88.81,83.51,81.74
2017/7/28,20430,20430,20320,20340,217143,20340,111.09,145.23,129.71,88.55,88.48,83.31,81.79
2017/7/31,20340,20370,20310,20320,153205,20320,110.36,144.96,129.56,88.47,87.91,82.99,81.32
2017/8/1,20330,20390,20320,20380,105487,20380,110.29,145.62,130.41,88.21,88.43,82.88,81.33
2017/8/2,20460,20500,20420,20490,163785,20490,110.45,145.92,130.46,88.04,87.97,82.1,81.26
2017/8/3,20450,20470,20390,20420,147560,20420,110.77,146.4,131.12,88.02,87.91,81.96,81.34
2017/8/4,20370,20370,20330,20340,133247,20340,110.04,144.55,130.67,87.54,87.53,81.89,81.05
2017/8/7,20460,20480,20430,20450,127330,20450,110.79,144.59,130.62,87.69,87.93,82.16,81.44
2017/8/8,20440,20470,20370,20380,139429,20380,110.77,144.46,130.74,87.48,87.7,81.49,81.31
2017/8/9,20320,20320,20050,20130,808015,20130,110.01,142.76,129.14,86.66,86.57,80.45,80.6
2017/8/10,20200,20220,20080,20110,276817,20110,110.2,143.37,129.52,86.76,87.02,80.96,80.83
2017/8/14,19950,19980,19880,19910,366308,19910,109.43,142.25,129.31,86.29,86.61,80.08,80.46
2017/8/15,20070,20220,20060,20160,231126,20160,110.21,142.9,129.84,86.59,86.65,80.46,80.82
2017/8/16,20120,20160,20110,20130,100719,20130,110.71,142.46,129.95,86.72,86.71,80.04,80.97
2017/8/17,20080,20120,20060,20080,84830,20080,110.01,141.76,129.43,87.1,87.24,80.37,80.69
2017/8/18,19860,19930,19810,19860,417447,19860,109.48,140.91,128.38,86.38,86.41,79.8,80.15
2017/8/21,19880,19880,19740,19790,279311,19790,109.37,140.82,128.5,86.84,86.65,80,80.23
2017/8/22,19750,19820,19740,19780,245477,19780,109.14,140.81,128.95,86.92,86.72,79.99,80.19
2017/8/23,19930,19940,19790,19820,215454,19820,109.74,140.64,128.96,87.21,86.63,79.58,80.51
2017/8/24,19750,19820,19730,19740,181973,19740,109.17,139.65,128.86,86.99,86.33,78.92,80.21
2017/8/25,19780,19870,19760,19850,295486,19850,109.82,140.67,129.5,87.76,86.74,79.09,80.66
2017/8/28,19880,19910,19800,19850,185906,19850,109.1,140.62,130.11,87.42,86.65,79,80.46
2017/8/29,19700,19770,19670,19770,545959,19770,108.82,140.77,130.18,86.97,86.33,78.85,80.33
2017/8/30,19870,19930,19830,19910,201613,19910,109.86,141.99,131.52,87.76,87.46,79.77,81.1
2017/8/31,19980,20090,19970,20050,196888,20050,110.42,142.67,131.3,87.43,87.46,79.54,81.35
2017/9/1,20130,20130,20020,20090,236016,20090,110.17,142.62,131.17,88.43,87.57,79.16,81.23
2017/9/4,20000,20020,19880,19900,205416,19900,109.83,142.33,130.46,88.68,87.44,78.77,80.87
2017/9/5,19950,19950,19750,19790,210249,19790,109.66,141.67,130.44,88.33,87.15,78.56,80.89
2017/9/6,19690,19760,19650,19760,97510,19760,108.64,141.61,129.5,87.76,87.04,78.72,80.32
2017/9/7,19830,19870,19760,19790,205111,19790,109.19,142.43,130.15,89.22,87.47,78.73,80.94
2017/9/8,19740,19750,19620,19660,147822,19660,108.42,142.05,130.39,89.58,87.42,78.71,80.98
2017/9/11,19840,19960,19820,19940,166988,19940,108.45,142.96,130.24,89.19,87.27,78.38,80.72
2017/9/12,20120,20190,20100,20170,311385,20170,109.52,144.15,130.83,90.33,87.74,79.34,81.27
2017/9/13,20270,20290,20240,20260,188481,20260,110.15,146.33,131.79,90.46,88.37,80.05,81.82
2017/9/14,20270,20320,20190,20220,187868,20220,110.66,146.1,131.44,90.88,88.27,80.18,81.87
2017/9/15,20170,20340,20170,20310,198237,20310,110.22,147.6,131.25,90.49,88.08,79.55,81.77
2017/9/19,20530,20720,20530,20690,816739,20690,111.44,150.69,133.3,90.76,88.88,80.99,82.73
2017/9/20,20700,20750,20660,20710,213978,20710,111.63,150.83,133.86,90.8,89.39,81.64,82.82
2017/9/21,20870,20900,20740,20760,487162,20760,112.5,151.82,133.63,91.14,90.17,82.56,83.32
2017/9/22,20790,20820,20660,20700,229822,20700,112.3,152.45,134.09,91.05,88.82,81.79,83.13
2017/9/25,20830,20860,20770,20790,184981,20790,112.53,152.28,134.21,91.21,89.64,82,83.6
2017/9/26,20750,20790,20700,20710,228591,20710,111.62,150.35,132.28,90.1,88.45,80.82,82.6
2017/9/27,20790,20820,20750,20820,183339,20820,112.38,151.08,132.38,90.87,88.54,80.85,82.86
2017/9/28,20930,20940,20840,20920,321985,20920,112.96,151.41,132.64,90.56,88.71,81.69,83.1
2017/9/29,20840,20900,20820,20870,252187,20870,112.74,151.34,132.81,90.7,88.55,81.42,83.06
2017/10/2,20940,20940,20890,20940,151521,20940,112.79,150.89,133,90.36,88.43,81.3,82.94
2017/10/3,21000,21170,20980,21150,662431,21150,112.98,149.8,132.45,90.2,88.36,81.13,82.75
2017/10/4,21190,21230,21130,21170,300058,21170,112.61,149.34,132.52,90.23,88.42,80.91,82.83
2017/10/5,21190,21200,21150,21170,228720,21170,112.82,149.32,132.6,90.35,88.39,80.79,82.79
2017/10/6,21270,21270,21210,21250,162078,21250,112.9,147.92,132.17,89.81,87.97,80.25,82.73
2017/10/10,21210,21380,21210,21370,358462,21370,112.79,148.33,132.49,89.91,87.63,79.78,82.85
2017/10/11,21350,21450,21340,21440,316874,21440,112.32,148.46,132.77,89.83,87.64,79.72,82.88
2017/10/12,21510,21540,21470,21490,183280,21490,112.46,148.93,133.43,90.35,87.75,79.77,83.05
2017/10/13,21500,21780,21480,21720,451997,21720,112.29,148.96,132.94,90.02,87.98,80.09,82.97
2017/10/16,21790,21920,21750,21830,375544,21830,112.08,148.94,132.36,89.77,88.26,80.44,83
2017/10/17,21920,21960,21790,21900,359294,21900,112.24,148.67,132.27,89.54,88.03,80.61,82.88
2017/10/18,21930,21970,21870,21940,185699,21940,112.24,148.09,132.12,89.77,88.03,80.41,82.82
2017/10/19,22040,22080,21950,22000,475802,22000,112.93,149.29,133.38,90.63,88.76,80.86,83.27
2017/10/20,21940,22060,21920,22010,267679,22010,112.78,148.31,133.6,90.29,88.79,78.98,83.13
2017/10/23,22310,22310,22190,22260,265037,22260,113.88,150.05,133.89,90.12,88.95,79.07,83.54
2017/10/24,22220,22380,22210,22370,231632,22370,113.37,149.74,133.28,89.74,88.56,79.15,83.3
2017/10/25,22480,22500,22220,22300,268138,22300,113.94,149.57,133.9,89.83,88.17,78.6,83.56
2017/10/26,22280,22370,22270,22320,175008,22320,113.55,150.64,134.19,88.73,87.47,78.09,83.47
2017/10/27,22440,22610,22390,22590,236903,22590,114.18,149.87,132.76,88.79,87.3,77.97,83.39
2017/10/30,22610,22670,22490,22590,401165,22590,113.75,149.4,131.92,88.64,87.3,77.99,83.28
2017/10/31,22440,22610,22410,22580,280303,22580,113.16,149.42,131.72,88.16,86.96,77.61,83.15
2017/11/1,22770,23060,22760,23010,514845,23010,113.86,151.25,132.53,88.26,87.15,78.51,83.52
2017/11/2,23110,23140,23000,23140,302266,23140,114.06,151.32,132.7,88.71,87.75,78.84,83.88
2017/11/6,23220,23260,23030,23140,360529,23140,114.38,149.46,132.7,89.58,87.44,78.99,83.78
2017/11/7,23120,23570,23120,23560,446572,23560,113.73,149.77,132.07,89.42,87.46,79.02,83.54
2017/11/8,23450,23540,23370,23540,254372,23540,113.76,149.81,131.88,89.11,87.04,78.59,83.44
2017/11/9,23620,24010,23120,23470,1250530,23470,114.06,149.53,132.15,89.52,87.45,79.25,83.68
2017/11/10,23190,23330,23110,23300,640840,23300,113.39,149.03,132.09,89.47,87.08,78.84,83.47
2017/11/13,23220,23230,22970,22970,377068,22970,113.68,149.17,132.36,89.54,86.95,78.75,83.48
2017/11/15,22860,22900,22600,22640,719106,22640,113.5,149.34,133.81,89.03,86.15,78.1,83.47
2017/11/16,22580,22990,22570,22960,414341,22960,113.02,148.84,133.08,88.49,85.85,77.5,83.26
2017/11/17,23230,23370,22920,23010,722737,23010,112.97,149.19,133.14,88.6,85.71,77.53,83.34
2017/11/20,22910,23020,22810,22860,274519,22860,112.19,148.16,131.74,87.77,84.77,76.37,82.7
2017/11/21,23070,23170,23020,23040,211336,23040,112.66,149.2,132.27,87.93,85.04,76.74,83
2017/11/22,23240,23290,23120,23140,189782,23140,112.38,148.91,131.9,87.98,85.23,76.94,83.02
2017/11/24,23010,23170,22970,23140,238035,23140,111.47,148.22,131.92,87.59,84.93,76.71,82.8
2017/11/27,23260,23270,23020,23100,233737,23100,111.62,148.71,133,87.79,84.92,76.68,82.88
2017/11/28,23060,23190,22960,23090,140929,23090,111,147.96,132.15,87,84.46,76.82,82.44
2017/11/29,23230,23250,23140,23200,285786,23200,111.62,149.18,132.24,87.05,84.84,76.9,82.95
2017/11/30,23200,23360,23120,23350,279160,23350,112.07,150.31,132.81,87.11,84.86,76.71,83.19
2017/12/1,23550,23610,23280,23440,358644,23440,112.49,152.4,134,87.26,85.13,76.95,83.46
2017/12/4,23460,23470,23300,23330,249497,23330,112.75,151.99,133.82,88.63,85.66,77.36,83.61
2017/12/5,23200,23280,23120,23220,152349,23220,112.47,151.49,133.48,88.76,85.76,77.46,83.55
2017/12/6,23140,23140,22700,22770,515197,22770,112.49,150.95,132.92,88.52,85.29,77.45,83.44
2017/12/7,22950,23120,22910,23090,182727,23090,112.51,150.54,132.68,87.89,84.89,77.4,83.35
2017/12/8,23210,23430,23150,23430,501133,23430,113.29,152.54,133.27,88.08,85.07,77.37,83.76
2017/12/11,23500,23550,23390,23550,230348,23550,113.65,152.28,133.78,88.38,85.41,77.9,83.98
2017/12/12,23540,23600,23440,23490,267555,23490,113.59,151.63,133.73,88.34,85.44,78.5,84.07
2017/12/13,23500,23500,23290,23360,224779,23360,113.47,151.16,133.29,88.21,85.93,78.84,83.9
2017/12/14,23330,23390,23240,23300,191331,23300,112.81,151.41,133.51,88.05,86.49,79.14,83.76
2017/12/15,23220,23360,23080,23160,254955,23160,112.4,150.99,132.45,87.92,86.21,78.58,83.54
2017/12/18,23370,23530,23340,23520,314500,23520,112.83,150.36,132.56,87.61,86.21,78.96,83.59
2017/12/19,23570,23610,23470,23480,193207,23480,112.65,150.68,132.74,87.53,86.33,78.91,83.56
2017/12/20,23440,23540,23410,23500,140023,23500,112.99,151.37,133.79,87.79,86.55,78.86,83.89
2017/12/21,23460,23500,23330,23470,189583,23470,113.28,151.44,134.54,88.31,86.8,79.35,84.29
2017/12/22,23440,23510,23410,23480,150986,23480,113.43,151.75,134.36,88.98,87.41,79.58,84.36
2017/12/25,23500,23550,23470,23540,67464,23540,113.32,151.63,134.18,88.94,87.45,79.66,84.35
2017/12/26,23530,23540,23470,23490,112306,23490,113.4,151.66,134.56,89.14,87.58,79.7,84.4
2017/12/27,23510,23570,23500,23530,132280,23530,113.41,151.69,134.49,89.35,87.69,79.81,84.48
2017/12/28,23550,23590,23360,23390,174425,23390,113.5,152.06,134.82,89.79,88.27,80.32,84.64
2017/12/29,23480,23510,23370,23410,231315,23410,113.05,152.02,134.95,90.02,88.21,80.25,84.51
2018/1/4,23770,24150,23770,24150,611004,24150,112.75,152.3,135.35,89.83,88.22,79.88,84.73
2018/1/5,24280,24390,24170,24370,495513,24370,112.84,153.06,136.21,90.36,88.62,80.75,85.05
2018/1/9,24650,24650,24450,24510,363084,24510,113.15,153.5,135.43,91.15,88.82,81.23,84.93
2018/1/10,24490,24520,24410,24440,221450,24440,112.45,152.17,134.21,90.17,87.87,80.39,84.16
2018/1/11,24330,24400,24250,24360,710369,24360,111.52,150.64,133.3,88.93,87.83,80.32,83.64
2018/1/12,24410,24410,24240,24310,383357,24310,111.23,150.85,134.14,88.88,87.88,80.88,83.76
2018/1/15,24460,24490,24340,24370,193839,24370,110.91,152.36,135.2,88.94,87.77,80.45,83.79
2018/1/16,24390,24620,24350,24610,258414,24610,110.86,152.98,135.93,89.15,88.22,80.82,83.79
2018/1/17,24430,24550,24400,24530,255050,24530,110.37,152.59,135.83,88.89,88.24,80.42,83.7
2018/1/18,24770,24780,24360,24430,559985,24430,111.28,153.64,135.65,89.32,88.45,80.73,83.9
2018/1/19,24500,24540,24400,24450,309262,24450,111.11,154.33,135.87,89.45,88.97,81.01,84.12
2018/1/22,24470,24470,24340,24470,200760,24470,110.77,153.79,135.6,88.73,88.54,80.67,83.9
2018/1/23,24600,24800,24580,24790,325248,24790,110.98,155.25,136.13,89.13,88.97,81.38,84.2
2018/1/24,24680,24740,24570,24630,290971,24630,110.26,154.46,135.54,88.74,88.17,81.1,83.76
2018/1/25,24410,24490,24300,24340,474533,24340,109.51,155.82,135.7,88.72,88.3,80.51,83.7
2018/1/26,24450,24470,24250,24300,379006,24300,109.79,155.44,136.14,88.74,88.22,80.38,83.83
2018/1/29,24400,24440,24230,24290,303819,24290,108.72,153.93,135.02,88.22,88.23,79.92,83.17
2018/1/30,24230,24230,23880,23940,1238380,23940,109.02,153.3,134.86,88.28,88.23,79.84,83.1
2018/1/31,23830,24030,23760,23770,554453,23770,108.86,154.11,135.14,88.25,87.84,79.93,83
2018/2/1,23960,24160,23870,24080,525827,24080,109.22,155.09,135.59,88.72,87.95,80.47,83.26
2018/2/2,23990,24000,23760,23920,593576,23920,109.46,156.13,136.87,89.22,87.89,80.9,83.61
2018/2/5,23450,23490,23280,23330,1310751,23330,109.9,155.17,136.83,88.44,87.04,80.19,83.26
2018/2/6,22340,22460,21660,22210,2087265,22210,109.08,152.4,135.05,87.01,85.86,79.39,82.51
2018/2/7,22880,22980,22230,22240,766592,22240,109.44,152.82,135.62,87.52,86.46,80.27,83.02
2018/2/8,22350,22590,22240,22510,542201,22510,109.43,151.89,134.23,87.06,85.52,78.92,82.59
2018/2/9,21730,22000,21690,21980,1231760,21980,108.88,151.67,133.42,86.37,84.71,78.56,81.78
2018/2/13,22300,22310,21790,21840,631343,21840,108.69,150.46,133.53,86.33,85.37,78.79,82.05
2018/2/14,21850,21960,21520,21740,543994,21740,107.86,149.82,133.23,85.71,84.86,78.53,81.66
2018/2/15,21990,22170,21890,22080,514775,22080,106.82,149.61,132.99,85.45,84.6,78.76,81.23
2018/2/16,22170,22470,22110,22300,354263,22300,106.29,149.91,132.88,85.13,84.42,78.6,81.22
2018/2/19,22490,22770,22450,22740,244349,22740,106.31,149.29,132.07,84.84,84.26,78.69,81.1
2018/2/20,22680,22680,22430,22530,219940,22530,106.8,149.45,132.51,85.03,84.61,78.66,81.32
2018/2/21,22560,22760,22440,22600,251508,22600,107.53,150.55,132.63,85,84.83,78.98,81.55
2018/2/22,22390,22410,22220,22340,477684,22340,107.54,149.52,131.92,84.64,83.83,78.63,81.17
2018/2/23,22400,22500,22340,22500,156346,22500,107.01,149.35,131.85,84.15,83.89,78.4,81.15
2018/2/26,22780,22870,22660,22780,247765,22780,106.98,149.5,131.48,84.49,83.81,77.9,81.01
2018/2/27,23010,23140,22960,23000,285484,23000,106.81,149.26,131.73,84.25,84.03,77.96,81.22
2018/2/28,22900,23000,22720,22730,283416,22730,107.38,149.29,131.27,84.08,83.68,77.68,81.03
2018/3/1,22550,22550,22260,22340,657058,22340,106.75,146.79,130.1,83.12,82.6,76.87,80.47
2018/3/2,21840,21880,21680,21790,1087635,21790,106.28,146.45,130.41,82.89,82.61,77.27,80.46
2018/3/5,21640,21760,21530,21630,540316,21630,105.56,145.65,130.14,81.91,81.99,76.37,80.08
2018/3/6,22040,22160,22010,22020,266690,22020,106.28,147.25,131.21,81.89,82.58,76.83,80.7
2018/3/7,21870,22090,21790,21840,314391,21840,105.64,146.77,131.13,81.58,82.21,76.92,80.15
2018/3/8,22100,22110,21890,21970,180583,21970,106.14,147.58,131.67,82.18,83.12,77.3,80.77
2018/3/9,22190,22490,21950,22090,413390,22090,106.74,147.35,131.39,82.75,83.13,77.49,80.96
2018/3/12,22550,22600,22300,22460,489950,22460,106.97,148.25,131.66,83.49,84.07,78.07,81.33
2018/3/13,22340,22590,22300,22590,456448,22590,106.37,147.91,131.22,82.83,83.78,77.66,81.05
2018/3/14,22390,22500,22290,22380,248986,22380,106.7,149.13,132.19,82.35,83.92,78.23,81.35
2018/3/15,22300,22440,22160,22430,206003,22430,106.04,148.17,131.22,81.84,83.55,77.61,81.01
2018/3/16,22460,22480,22240,22300,246857,22300,106.33,148.1,130.84,81.4,82.76,77.2,80.82
2018/3/19,22130,22270,21960,22090,234806,22090,105.96,147.72,130.06,80.87,81.8,76.5,80.4
2018/3/20,21880,21990,21830,21990,189985,21990,106.14,148.94,131.01,81.17,81.87,76.86,80.68
2018/3/22,21960,22190,21960,22190,330993,22190,105.66,149.7,130.67,81.96,82.01,76.4,80.55
2018/3/23,21500,21600,21120,21160,1093613,21160,104.94,148.21,129.49,81.27,80.92,75.84,79.78
2018/3/26,20940,21330,20910,21320,546959,21320,104.96,148.62,129.77,81.59,81.05,76.15,79.95
2018/3/27,21570,21890,21530,21870,522057,21870,105.65,150.34,131.52,82.22,81.82,77.05,80.73
2018/3/28,21580,21770,21520,21760,293491,21760,105.51,149.55,130.93,81.94,81.19,76.72,80.56
2018/3/29,22020,22060,21750,21890,232677,21890,106.84,150.22,131.46,82.64,81.79,76.97,81.38
2018/3/30,22160,22280,22080,22210,282830,22210,106.27,148.87,130.58,82.41,81.66,76.79,81.01
2018/4/2,22200,22370,22160,22160,246028,22160,106.32,149.29,130.95,82.48,81.78,76.9,81.19
2018/4/3,21850,22100,21800,22060,230554,22060,105.85,148.71,130.2,82.01,81.14,76.28,80.67
2018/4/4,22190,22200,22000,22080,238365,22080,106.52,149.97,130.74,83.21,81.89,77.31,81.28
2018/4/5,22310,22520,22230,22440,332249,22440,106.86,150.63,131.27,83.72,82.42,78.16,81.4
2018/4/6,22410,22530,22320,22360,312086,22360,107.22,150.19,131.27,83.97,82.32,77.85,81.41
2018/4/9,22300,22520,22300,22450,175185,22450,106.89,150.64,131.16,83.69,82.17,77.9,81.32
2018/4/10,22370,22720,22300,22570,306090,22570,106.76,150.94,131.56,84.04,82.18,78.12,81.43
2018/4/11,22640,22640,22460,22460,189354,22460,107.1,151.87,132.36,84.99,83.14,78.91,81.78
2018/4/12,22460,22490,22350,22410,180788,22410,106.91,151.76,132.28,85.07,83.07,78.79,81.74
2018/4/13,22580,22690,22520,22580,229998,22580,107.41,152.98,132.36,85.29,83.36,79.26,81.91
2018/4/16,22610,22660,22550,22610,142976,22610,107.51,153.28,132.58,85.28,83.58,79.05,81.96
2018/4/17,22600,22680,22550,22630,208353,22630,107.11,153.63,132.62,85.24,83.36,78.92,81.79
2018/4/18,22700,22990,22700,22940,313676,22940,107.21,153.3,132.63,85.32,83.27,78.61,81.75
2018/4/19,23020,23150,22980,22980,273027,22980,107.49,152.58,132.95,85.07,83.67,78.6,82.04
2018/4/20,22940,23050,22870,22970,156269,22970,107.53,151.42,132.71,84.86,83.05,77.96,81.9
2018/4/23,22960,22990,22850,22880,146557,22880,107.82,151.07,132.26,84.45,82.64,77.66,81.91
2018/4/24,23030,23090,22940,23090,137995,23090,108.77,151.55,132.72,84.64,82.67,77.65,82.04
2018/4/25,22900,23030,22870,23010,121813,23010,108.89,152.3,133.15,84.89,82.73,77.43,82.33
2018/4/26,23120,23190,23080,23110,186081,23110,109.37,152.51,133.11,85.21,82.86,77.37,82.41
2018/4/27,23200,23300,23160,23280,345925,23280,109.35,152.15,132.35,84.91,82.6,77.21,82.32
2018/5/1,23280,23340,23220,23310,100036,23310,109.36,150.58,132.1,85.21,82.4,76.96,82.49
2018/5/2,23370,23380,23230,23270,133649,23270,109.9,149.5,131.76,85.49,82.19,76.93,82.39
2018/5/7,23320,23330,23150,23270,120964,23270,108.98,147.58,130.36,84.75,82.02,76.51,81.77
2018/5/8,23230,23380,23230,23330,129370,23330,108.93,147.86,130.01,84.57,81.92,76.5,81.63
2018/5/9,23260,23290,23160,23210,102020,23210,109.32,148.04,129.62,84.35,81.32,76.08,81.45
2018/5/10,23300,23340,23220,23300,107679,23300,109.96,148.91,130.21,85.59,82.04,76.24,81.57
2018/5/11,23380,23590,23380,23590,270463,23590,109.47,148.03,130.42,85.72,82.4,76.19,81.81
2018/5/14,23580,23720,23560,23690,169429,23690,109.33,148.28,130.75,85.56,82.66,76.25,82.01
2018/5/15,23720,23730,23620,23630,202343,23630,109.74,148.88,130.96,85.75,82.67,75.92,82.2
2018/5/16,23550,23610,23520,23540,223068,23540,110.34,149.01,130.55,85.77,82.47,75.74,82.12
2018/5/17,23630,23700,23620,23660,206488,23660,110.36,149.46,130.35,86.34,82.97,76.15,82.32
2018/5/18,23740,23780,23690,23740,228489,23740,110.95,149.9,130.93,86.5,83.36,76.43,82.71
2018/5/21,23770,23880,23750,23820,242469,23820,111.09,149.49,130.48,86.21,83.46,76.64,82.67
2018/5/22,23840,23850,23780,23780,116875,23780,110.98,149.09,130.85,86.91,84.21,77.18,82.88
2018/5/23,23700,23770,23470,23500,288182,23500,110.88,148.9,130.59,86.48,83.96,76.91,82.76
2018/5/24,23430,23460,23170,23240,275243,23240,109.71,146.55,128.39,85.41,82.97,75.96,81.68
2018/5/25,23180,23320,23120,23260,183480,23260,109.58,146.53,128.42,84.99,82.96,75.93,81.76
2018/5/28,23300,23350,23210,23270,109307,23270,109.54,145.85,128.15,84.37,82.79,75.89,81.76
2018/5/29,23240,23250,23040,23140,173683,23140,109.21,145.35,126.96,84.2,82.43,75.87,81.32
2018/5/30,22800,22870,22720,22810,415452,22810,108.41,143.6,125.06,83.21,81.22,74.79,80.58
2018/5/31,22990,23050,22890,23000,137049,23000,108.71,144.56,126.72,84.33,82.34,75.91,81.21
2018/6/1,22940,23130,22900,22950,165760,22950,108.94,144.77,127.34,84.18,82.43,76.45,81.42
2018/6/4,23170,23320,23160,23290,141843,23290,109.7,146.66,128.03,84.7,83.14,76.65,81.98
2018/6/5,23350,23400,23270,23350,181239,23350,109.9,146.31,128.48,84.96,83.96,77.27,82.24
2018/6/6,23340,23470,23310,23440,139311,23440,109.83,147.22,128.7,84.82,83.81,77.22,82.33
2018/6/7,23590,23670,23560,23650,231649,23650,110.16,147.96,129.85,85.14,84.47,77.61,82.74
2018/6/8,23610,23690,23510,23510,464839,23510,109.87,147.46,129.69,84.66,83.74,77.18,82.38
2018/6/11,23500,23660,23480,23630,177007,23630,109.44,146.79,129.08,84.44,83.25,77.06,82.05
2018/6/12,23800,23830,23600,23720,317060,23720,110.32,147.34,129.61,84.84,83.74,77.27,82.53
2018/6/13,23730,23810,23700,23780,152091,23780,110.52,147.77,129.82,84.89,83.61,77.41,82.68
2018/6/14,23670,23720,23570,23570,167099,23570,110.33,147.54,130.08,85.01,83.52,77.5,82.61
2018/6/15,23700,23710,23590,23660,145676,23660,110.67,146.65,127.88,84.32,82.53,76.93,82.18
2018/6/18,23620,23630,23420,23490,129579,23490,110.55,146.63,128.02,83.74,82.18,76.58,81.74
2018/6/19,23390,23430,23080,23100,333104,23100,110.15,146.09,128.1,83.37,81.61,76.34,81.5
2018/6/20,23140,23400,22970,23380,283791,23380,110.03,144.83,127.37,82.82,81.27,75.96,81.08
2018/6/21,23330,23600,23290,23500,327871,23500,110.43,145.46,127.83,83.01,81.36,75.68,81.28
2018/6/22,23250,23340,23200,23330,227251,23330,110.08,145.94,127.75,82.74,81.38,75.71,81.08
2018/6/25,23380,23380,23120,23160,173982,23160,109.69,145.36,127.82,82.5,81.43,75.8,80.61
2018/6/26,22990,23180,22910,23150,234420,23150,109.56,145.48,128.21,82.43,81.25,75.54,80.49
2018/6/27,23160,23190,23030,23070,161255,23070,109.91,145.36,128.07,82.56,81.11,75.17,80.64
2018/6/28,23040,23120,22870,23080,307174,23080,110.01,144.25,127.15,82.48,80.77,74.56,80.43
2018/6/29,23150,23150,22970,23110,104995,23110,110.54,144.55,127.88,83.39,81.15,74.59,80.84
2018/7/2,23060,23140,22610,22610,590903,22610,110.88,146.26,129.34,84.26,82,75.05,81.28
2018/7/3,22730,22770,22380,22620,842752,22620,110.94,145.68,129.08,84.12,81.45,74.4,81.01
2018/7/4,22160,22250,22070,22200,561608,22200,110.35,145.7,128.73,84.02,81.59,74.59,80.87
2018/7/5,22160,22220,21920,22020,307927,22020,110.54,146.16,128.83,84.11,81.55,74.7,80.93
2018/7/6,22130,22330,22090,22270,278391,22270,110.73,146.34,129.4,84.24,81.86,75.26,81.17
2018/7/9,22350,22560,22320,22500,143378,22500,110.5,146.82,129.87,84.38,82.26,75.55,81.44
2018/7/10,22690,22790,22660,22690,264340,22690,111.06,147.24,130.57,84.74,83.05,76.06,82.05
2018/7/11,22490,22510,22210,22390,255746,22390,110.93,146.99,130.04,84.35,82.3,75.54,81.6
2018/7/12,22490,22700,22490,22670,117819,22670,112.2,148.1,130.89,84.9,82.61,75.77,82.21
2018/7/13,22910,23160,22900,23080,421205,23080,112.71,148.55,131.46,85.63,83.59,76.36,82.72
2018/7/17,23080,23320,23060,23180,247056,23180,112.46,148.84,131.65,85.61,83.39,76.3,82.56
2018/7/18,23380,23430,23260,23260,262895,23260,112.99,148.16,131.71,85.6,83.42,76.64,82.78
2018/7/19,23360,23390,23230,23240,240922,23240,112.76,147.41,131.34,85.63,83.51,76.68,82.58
2018/7/20,23200,23350,23010,23180,245330,23180,112.61,146.58,131.2,84.92,82.97,76,82.25
2018/7/23,22940,22980,22810,22860,203782,22860,110.95,145.85,130.26,84.53,82.38,75.68,81.53
2018/7/24,23010,23030,22880,22990,112080,22990,111.29,145.75,130.06,84.46,82.05,75.43,81.45
2018/7/25,23080,23120,23010,23060,135516,23060,111.31,146.39,130.11,84.68,82.74,75.79,81.64
2018/7/26,23110,23110,23010,23040,121069,23040,110.72,146.18,129.87,84.93,82.57,75.81,81.47
2018/7/27,23110,23170,23060,23170,100846,23170,111.18,145.67,129.4,85.03,81.98,75.34,81.48
2018/7/30,23070,23100,22980,23010,115268,23010,111.1,145.67,129.52,85.06,82.19,75.53,81.61
2018/7/31,22930,23170,22820,23040,259912,23040,111.01,145.71,129.92,85.18,82.23,75.82,81.56
2018/8/1,23150,23250,23090,23220,130374,23220,111.87,146.72,130.76,85.95,83.02,76.14,82.15
2018/8/2,23140,23230,22930,22970,239299,22970,111.73,146.59,130.24,85.96,82.69,75.89,82.03
2018/8/3,23080,23100,22970,22990,152571,22990,111.81,145.55,129.5,85.86,82.33,75.3,81.72
2018/8/6,23010,23100,22960,22990,86172,22990,111.27,144.67,128.63,85.55,82.26,75.04,81.43
2018/8/7,23030,23130,23000,23120,107400,23120,111.32,144.09,128.64,85.61,82.25,74.93,81.34
2018/8/8,23120,23270,23080,23140,144597,23140,111.45,144.23,129.26,85.32,82.76,75.06,81.71
2018/8/9,23060,23110,22970,23090,105585,23090,110.86,142.69,128.62,85.13,82.34,74,81.32
2018/8/10,23080,23090,22740,22770,411160,22770,110.93,142.4,127.91,85,81.78,73.29,81.18
2018/8/13,22620,22630,22320,22370,876556,22370,110.55,141.02,125.87,84.07,80.47,72.8,80.4
2018/8/14,22510,22820,22490,22800,208761,22800,110.8,141.37,126.33,84.39,80.55,72.93,80.53
2018/8/15,22820,22830,22570,22690,114297,22690,111.4,141.62,126.29,85.26,80.54,73.12,80.85
2018/8/16,22440,22710,22350,22680,356970,22680,110.63,140.48,125.48,84.13,80.03,72.66,80.17
2018/8/17,22800,22810,22700,22740,138638,22740,110.93,141.04,126.13,84.29,80.51,73.07,80.65
2018/8/20,22700,22750,22620,22650,153760,22650,110.55,140.86,126.39,84.62,80.79,73.21,80.63
2018/8/21,22580,22770,22520,22700,168314,22700,109.87,140.81,126.58,84.25,80.72,73.11,80.35
2018/8/22,22700,22850,22620,22810,80965,22810,110.19,142.22,127.53,84.48,81.11,73.92,80.71
2018/8/23,22870,22930,22850,22880,110272,22880,110.78,142.8,128.11,85.08,81.01,74.12,80.94
2018/8/24,22950,23070,22910,23060,218600,23060,111.48,142.76,128.66,85.13,80.82,73.96,81.21
2018/8/27,23150,23310,23150,23290,262550,23290,111.25,143.03,129.41,85.51,81.61,74.47,81.51
2018/8/28,23450,23470,23280,23280,310100,23280,111.23,143.42,130.01,85.85,81.75,74.58,81.65
2018/8/29,23320,23450,23310,23330,153099,23330,111.23,143.05,129.94,86.01,81.64,74.65,81.54
2018/8/30,23500,23530,23320,23370,337866,23370,111.79,145.6,130.75,86.53,81.67,74.94,81.9
2018/8/31,23190,23380,23160,23330,171024,23330,111.06,144.56,129.48,85.46,80.57,73.79,81.17
2018/9/3,23290,23310,23180,23190,64120,23190,110.99,143.48,128.67,84.94,79.71,73.25,80.81
2018/9/4,23230,23240,23100,23190,98112,23190,111.09,142.88,128.86,84.76,79.97,73.25,80.89
2018/9/5,23150,23180,23060,23080,125696,23080,111.52,143.35,129.16,84.62,80.06,72.92,81.03
2018/9/6,22960,23040,22920,22960,250909,22960,111.29,143.79,129.54,84.46,80.06,73.51,80.91
