,始値,高値,安値,終値,出来高,終値調整
2016-06-02,17185.797,17362.82,17091.684,17228.035,466138.25,17228.035
2016-06-03,17041.133,17224.82,16931.176,17070.453,646091.0,17070.453
2016-06-04,16975.3,17057.598,16854.92,16947.123,323877.3,16947.123
2016-06-07,17084.18,17235.582,16932.025,17059.404,654647.8,17059.404
2016-06-08,17279.623,17426.709,17182.09,17342.883,405949.3,17342.883
2016-06-09,17492.504,17610.738,17407.467,17528.992,443209.7,17528.992
2016-06-10,17126.775,17232.318,16888.752,17032.777,580652.7,17032.777
2016-06-11,17354.562,17450.068,17229.16,17362.773,351991.66,17362.773
2016-06-14,16881.145,17036.688,16627.535,16774.31,774087.1,16774.31
2016-06-15,16650.281,16787.633,16617.53,16760.781,246896.1,16760.781
2016-06-16,16571.998,16747.213,16462.182,16582.54,591907.1,16582.54
2016-06-17,16160.348,16354.65,15925.172,16080.934,809003.6,16080.934
2016-06-18,16381.459,16553.418,16317.664,16455.518,412677.8,16455.518
2016-06-21,16537.023,16725.521,16371.314,16506.697,765271.2,16506.697
2016-06-22,16625.781,16811.383,16512.951,16682.654,590342.06,16682.654
2016-06-23,16643.363,16783.844,16556.27,16658.098,400595.3,16658.098
2016-06-24,16896.668,17098.41,16739.973,16909.77,790171.06,16909.77
2016-06-25,16537.438,16833.453,16255.594,16433.285,1033945.0,16433.285
2016-06-28,16035.444,16301.78,15774.627,15959.802,972372.2,15959.802
2016-06-29,16116.488,16399.93,15939.516,16149.774,937190.0,16149.774
2016-06-30,16023.516,16248.914,15747.913,15891.439,998571.75,15891.439
2016-07-01,16495.863,16704.518,16367.4375,16535.426,652192.8,16535.426
2016-07-02,16603.54,16777.406,16521.764,16661.076,508116.4,16661.076
2016-07-05,16557.844,16754.273,16465.783,16622.176,610283.9,16622.176
2016-07-06,16426.164,16596.637,16326.447,16464.127,531785.0,16464.127
2016-07-07,15934.052,16173.73,15718.347,15893.122,843828.25,15893.122
2016-07-08,16309.107,16485.291,16237.322,16365.982,462434.44,16365.982
2016-07-09,16140.399,16356.465,15919.311,16074.79,881046.0,16074.79
2016-07-12,16422.332,16613.756,16371.256,16532.531,488489.38,16532.531
2016-07-13,16375.953,16575.67,16220.01,16364.105,719484.4,16364.105
2016-07-14,16370.51,16533.91,16200.895,16329.717,612258.8,16329.717
2016-07-15,16657.863,16834.33,16536.719,16679.219,612050.7,16679.219
2016-07-16,16607.635,16789.855,16442.65,16598.316,679162.5,16598.316
2016-07-20,16671.37,16942.672,16456.113,16661.61,981601.7,16661.61
2016-07-21,16663.14,16879.54,16464.188,16611.34,744578.9,16611.34
2016-07-22,17233.459,17381.836,17090.049,17242.547,597780.7,17242.547
2016-07-23,17217.748,17387.19,17152.969,17302.312,477368.47,17302.312
2016-07-26,16969.396,17147.953,16876.854,17024.535,521487.72,17024.535
2016-07-27,16802.268,16966.66,16563.176,16720.479,707888.6,16720.479
2016-07-28,17042.424,17139.152,16978.314,17101.938,360686.56,17101.938
2016-07-29,16499.594,16651.771,16379.137,16494.646,478444.12,16494.646
2016-07-30,16596.016,16878.469,16395.955,16606.438,1041397.9,16606.438
2016-08-02,16546.664,16796.338,16350.34,16543.355,841783.06,16543.355
2016-08-03,16476.914,16678.32,16260.668,16408.2,782226.44,16408.2
2016-08-04,16517.154,16701.975,16375.801,16532.295,611939.9,16532.295
2016-08-05,16339.994,16595.086,16113.457,16284.777,916019.75,16284.777
2016-08-06,16671.219,16860.645,16533.287,16663.594,700501.1,16663.594
2016-08-09,16981.123,17172.004,16851.541,17009.436,745844.25,17009.436
2016-08-10,16904.42,17065.86,16803.31,16957.117,464189.94,16957.117
2016-08-11,16975.275,17145.994,16866.33,17006.633,542139.75,17006.633
2016-08-13,17112.611,17249.516,16940.979,17091.416,575876.4,17091.416
2016-08-16,17154.295,17223.53,17012.133,17117.898,251727.0,17117.898
2016-08-17,17136.7,17256.373,16883.637,17019.963,724250.9,17019.963
2016-08-18,17266.758,17367.896,17167.268,17314.281,353595.88,17314.281
2016-08-19,17116.996,17275.12,16966.076,17103.455,613434.44,17103.455
2016-08-20,17182.916,17328.117,17025.639,17190.168,515184.25,17190.168
2016-08-23,17261.33,17397.518,17067.904,17208.16,645951.8,17208.16
2016-08-24,17123.266,17256.613,16955.299,17110.463,550081.75,17110.463
2016-08-25,17254.992,17399.434,17140.578,17286.688,453670.12,17286.688
2016-08-26,17226.436,17376.367,17015.932,17162.941,709583.6,17162.941
2016-08-27,17109.172,17243.742,16935.902,17092.635,553452.44,17092.635
2016-08-30,17364.334,17516.95,17255.627,17408.535,504389.0,17408.535
2016-08-31,17266.84,17414.209,17096.434,17248.46,630630.2,17248.46
2016-09-01,17389.057,17519.32,17239.744,17387.457,535714.06,17387.457
2016-09-02,17392.81,17522.158,17228.969,17370.662,589655.5,17370.662
2016-09-03,17401.225,17531.562,17234.342,17381.107,590018.3,17381.107
2016-09-06,17397.83,17528.227,17210.203,17361.176,619533.6,17361.176
2016-09-07,17488.562,17609.795,17417.992,17563.648,276149.8,17563.648
2016-09-08,17516.518,17660.457,17294.318,17422.793,825600.1,17422.793
2016-09-09,17336.14,17434.215,17178.49,17319.094,495579.7,17319.094
2016-09-10,17543.412,17695.371,17442.152,17586.637,494337.3,17586.637
2016-09-13,17224.4,17380.162,17000.725,17169.656,744720.4,17169.656
2016-09-14,17310.318,17417.572,17161.738,17304.125,433542.2,17304.125
2016-09-15,17278.404,17413.78,17078.195,17212.28,668245.2,17212.28
2016-09-16,17133.314,17270.777,16947.56,17105.627,599262.8,17105.627
2016-09-17,17271.79,17419.549,17153.223,17308.584,486124.12,17308.584
2016-09-21,17196.078,17347.46,17007.768,17159.521,652257.75,17159.521
2016-09-22,17322.639,17474.404,17183.459,17350.027,577127.4,17350.027
2016-09-24,17320.521,17458.92,17263.828,17408.08,302620.1,17408.08
2016-09-27,17140.75,17314.344,16908.996,17056.305,793503.7,17056.305
2016-09-28,17222.693,17348.979,17093.197,17254.91,471261.88,17254.91
2016-09-29,17236.469,17387.17,17123.023,17253.736,532192.4,17253.736
2016-09-30,17317.152,17488.543,17160.95,17334.623,649737.44,17334.623
2016-10-01,17111.47,17238.691,16985.432,17136.057,421853.44,17136.057
2016-10-04,17270.201,17420.709,17118.781,17260.227,559352.6,17260.227
2016-10-05,17293.129,17422.906,17091.53,17237.62,671617.25,17237.62
2016-10-06,17405.336,17522.736,17295.334,17433.58,435442.25,17433.58
2016-10-07,17444.559,17603.463,17289.656,17442.682,651381.94,17442.682
2016-10-08,17354.072,17474.498,17207.03,17359.004,476672.56,17359.004
2016-10-12,17538.834,17676.943,17369.482,17512.244,644050.94,17512.244
2016-10-13,17360.84,17461.709,17194.607,17328.064,507773.38,17328.064
2016-10-14,17383.254,17532.365,17192.135,17340.314,683186.3,17340.314
2016-10-18,17441.37,17557.117,17322.361,17472.092,424487.44,17472.092
2016-10-20,17591.832,17725.254,17407.844,17535.797,699298.1,17535.797
2016-10-21,17532.906,17657.666,17370.041,17528.008,560776.9,17528.008
2016-10-22,17678.879,17821.752,17660.725,17810.488,212538.75,17810.488
2016-10-25,17702.469,17822.137,17451.76,17560.469,831504.1,17560.469
2016-10-26,17762.416,17850.615,17635.525,17749.688,537133.94,17749.688
2016-10-27,17959.445,18134.098,17877.363,18024.23,585738.75,18024.23
2016-10-28,17650.494,17797.275,17497.836,17665.69,550851.44,17665.69
2016-10-29,17774.453,17875.627,17559.66,17674.254,726517.4,17674.254
2016-11-01,17761.488,17844.672,17611.52,17717.486,518975.84,17717.486
2016-11-02,17793.844,17940.732,17625.027,17759.973,754747.5,17759.973
2016-11-03,17427.195,17560.43,17288.04,17456.9,495524.84,17456.9
2016-11-05,17407.125,17570.45,17303.512,17467.08,442398.38,17467.08
2016-11-08,17590.332,17714.018,17376.367,17508.918,711543.7,17508.918
2016-11-09,17598.31,17659.129,17410.03,17502.98,564027.1,17502.98
2016-11-10,17577.053,17941.053,17380.838,17568.506,1321113.2,17568.506
2016-11-11,17548.918,17860.727,17406.49,17621.568,1005880.1,17621.568
2016-11-12,17717.543,17912.709,17394.117,17548.182,941640.9,17548.182
2016-11-15,18135.668,18350.357,18038.81,18267.068,447982.0,18267.068
2016-11-16,18477.492,18599.234,18286.379,18405.842,757765.75,18405.842
2016-11-17,18129.412,18255.232,17831.94,17960.584,1085193.1,17960.584
2016-11-18,18319.744,18476.668,18114.318,18242.215,781641.75,18242.215
2016-11-19,18638.13,18768.203,18472.768,18636.69,774569.25,18636.69
2016-11-22,18082.326,18223.26,18070.293,18205.72,171790.31,18205.72
2016-11-23,18825.408,18923.625,18610.207,18743.094,670414.56,18743.094
2016-11-25,18741.283,18850.28,18736.361,18928.06,108864.81,18928.06
2016-11-26,18815.227,18911.215,18656.693,18710.666,669722.56,18710.666
2016-11-29,18894.287,19017.668,18882.016,19040.623,232277.4,19040.623
2016-11-30,18648.574,18704.225,18483.102,18530.99,599119.9,18530.99
2016-12-01,18474.9,18565.232,18335.213,18407.234,681601.0,18407.234
2016-12-02,18837.992,19040.898,18740.125,18911.334,701269.8,18911.334
2016-12-03,18954.154,19082.592,18906.832,19067.262,256299.19,19067.262
2016-12-06,18911.688,18979.555,18845.418,18836.86,601803.7,18836.86
2016-12-07,18840.436,19043.453,18817.084,18988.027,496625.62,18988.027
2016-12-08,19073.088,19074.898,18936.928,18972.707,386793.75,18972.707
2016-12-09,19285.5,19433.637,19130.91,19282.338,555708.8,19282.338
2016-12-10,19413.64,19528.334,19425.473,19538.062,358311.25,19538.062
2016-12-13,19608.432,19662.115,19594.29,19628.934,422970.88,19628.934
2016-12-14,19474.777,19654.393,19363.326,19537.701,600806.6,19537.701
2016-12-15,19445.9,19543.35,19270.162,19399.3,494972.88,19399.3
2016-12-16,19655.58,19798.8,19520.871,19649.205,498259.62,19649.205
2016-12-17,20096.797,20224.795,20090.55,20218.96,432279.53,20218.96
2016-12-20,19891.693,19914.703,19794.85,19779.305,468334.38,19779.305
2016-12-21,19861.514,19988.72,19777.447,19937.676,428695.8,19937.676
2016-12-22,19678.363,19842.7,19552.215,19691.5,665189.1,19691.5
2016-12-23,19770.111,20010.74,19758.07,19944.693,400797.2,19944.693
2016-12-27,20046.115,20123.166,19975.145,20050.623,419213.16,20050.623
2016-12-28,20043.479,20112.174,19963.17,20010.92,440044.94,20010.92
2016-12-29,19848.883,19937.396,19791.777,19882.805,481785.44,19882.805
2016-12-30,19593.936,19756.512,19506.994,19588.895,718884.7,19588.895
2016-12-31,19561.537,19704.613,19457.172,19558.354,656813.4,19558.354
2017-01-05,19621.88,19717.479,19457.84,19495.0,633444.06,19495.0
2017-01-06,20027.045,20168.02,19925.688,20012.076,555985.2,20012.076
2017-01-07,20237.4,20333.742,20285.992,20388.564,175424.78,20388.564
2017-01-11,20076.76,20183.46,20009.693,20083.393,574534.25,20083.393
2017-01-12,19790.514,19990.322,19712.979,19828.082,663554.44,19828.082
2017-01-13,19600.639,19647.133,19421.254,19428.453,579156.9,19428.453
2017-01-14,19806.44,19918.64,19734.566,19792.67,464081.7,19792.67
2017-01-17,19821.21,19928.594,19767.113,19834.521,503165.28,19834.521
2017-01-18,19360.662,19531.885,19351.895,19447.27,651027.25,19447.27
2017-01-19,19574.143,19764.06,19487.973,19594.678,742471.8,19594.678
2017-01-20,19624.639,19795.174,19504.344,19646.146,634963.1,19646.146
2017-01-21,19653.172,19709.395,19552.314,19575.592,479119.47,19575.592
2017-01-24,19668.445,19734.223,19572.422,19606.746,427756.84,19606.746
2017-01-25,19374.002,19422.006,19238.154,19249.889,644534.7,19249.889
2017-01-26,19630.496,19736.152,19440.139,19487.322,920165.25,19487.322
2017-01-27,19973.758,20158.064,19881.248,19966.154,786319.25,19966.154
2017-01-28,19767.07,19790.674,19628.672,19616.123,504807.2,19616.123
2017-01-31,19792.092,19960.68,19775.844,19927.83,427676.03,19927.83
2017-02-01,19545.244,19708.684,19461.344,19575.465,718169.94,19575.465
2017-02-02,19676.182,19864.717,19588.35,19695.033,645246.44,19695.033
2017-02-03,19205.53,19306.037,19047.596,19132.959,632910.94,19132.959
2017-02-04,19560.432,19680.908,19576.115,19705.625,207080.16,19705.625
2017-02-07,19476.148,19544.736,19411.24,19487.326,412705.5,19487.326
2017-02-08,19301.871,19450.912,19215.957,19336.19,657146.4,19336.19
2017-02-09,19518.395,19722.518,19437.104,19598.865,471036.1,19598.865
2017-02-10,19470.12,19700.39,19439.695,19619.533,472640.12,19619.533
2017-02-11,19901.576,20028.904,19824.822,19891.863,674675.5,19891.863
2017-02-14,19990.842,20152.814,19932.723,20024.389,516134.22,20024.389
2017-02-15,20066.342,20135.963,19964.209,20013.1,480578.56,20013.1
2017-02-16,20073.41,20210.844,20077.36,20202.268,521050.6,20202.268
2017-02-17,19804.14,20020.732,19721.143,19831.16,720810.6,19831.16
2017-02-18,19714.633,19781.074,19684.953,19765.77,340937.4,19765.77
2017-02-21,19687.002,19832.312,19615.162,19689.777,770817.4,19689.777
2017-02-22,19746.805,19919.184,19704.592,19822.875,599335.6,19822.875
2017-02-23,19767.068,19936.916,19663.355,19762.525,766911.9,19762.525
2017-02-24,19729.564,19842.377,19576.283,19637.857,685652.2,19637.857
2017-02-25,19685.307,19745.186,19506.793,19527.395,637026.75,19527.395
2017-02-28,19795.432,19915.781,19724.434,19791.598,526214.5,19791.598
2017-03-01,19765.256,19884.19,19793.969,19890.27,272811.9,19890.27
2017-03-02,20023.25,20138.81,19932.58,19995.252,799974.0,19995.252
2017-03-03,20191.158,20391.883,20108.336,20180.668,966916.6,20180.668
2017-03-04,20010.74,20132.771,19855.719,19962.186,593480.3,19962.186
2017-03-07,19940.824,19955.719,19884.676,19907.94,271005.1,19907.94
2017-03-08,19643.021,19759.623,19583.54,19685.78,530316.9,19685.78
2017-03-09,19488.916,19683.65,19426.229,19584.012,643672.5,19584.012
2017-03-10,19760.035,19954.227,19663.725,19768.426,645870.4,19768.426
2017-03-11,19871.232,19954.84,19706.777,19760.35,577155.9,19760.35
2017-03-14,20239.527,20383.244,20204.664,20307.365,425725.72,20307.365
2017-03-15,20250.863,20301.498,20240.967,20307.27,256979.88,20307.27
2017-03-16,20015.879,20122.732,20000.297,20090.287,467714.5,20090.287
2017-03-17,19897.15,20059.566,19776.799,19847.1,759393.8,19847.1
2017-03-18,19848.268,19975.93,19711.957,19783.688,683682.8,19783.688
2017-03-22,19959.117,20035.201,19862.182,19901.898,450528.38,19901.898
2017-03-23,19749.666,19910.822,19762.256,19861.455,534924.56,19861.455
2017-03-24,19697.031,19876.367,19702.559,19795.494,497331.38,19795.494
2017-03-25,19853.7,19975.615,19750.715,19810.945,741367.5,19810.945
2017-03-28,19517.682,19679.332,19446.215,19527.36,632202.94,19527.36
2017-03-29,19721.996,19834.178,19636.818,19682.262,553017.3,19682.262
2017-03-30,19859.912,19983.365,19794.93,19865.29,557993.0,19865.29
2017-03-31,19884.568,20047.707,19882.623,19976.523,450647.12,19976.523
2017-04-01,19760.898,19865.613,19747.98,19832.459,434848.72,19832.459
2017-04-04,19668.592,19837.896,19613.475,19703.494,676434.25,19703.494
2017-04-05,19429.756,19581.11,19297.79,19356.965,759707.0,19356.965
2017-04-06,19569.594,19702.05,19500.727,19563.756,539145.0,19563.756
2017-04-07,19579.307,19695.732,19558.016,19617.686,602239.5,19617.686
2017-04-08,19548.824,19724.203,19628.566,19767.068,188471.16,19767.068
2017-04-11,19656.459,19678.791,19513.828,19557.34,448876.06,19557.34
2017-04-12,19384.682,19592.05,19335.055,19500.229,560728.4,19500.229
2017-04-13,19103.086,19197.195,19039.732,19105.805,462018.44,19105.805
2017-04-14,19116.156,19235.123,18984.695,19021.566,699302.44,19021.566
2017-04-15,18935.049,19096.207,18899.885,19024.72,444455.28,19024.72
2017-04-18,19093.729,19139.53,19049.719,19111.809,228620.72,19111.809
2017-04-19,19206.258,19313.652,19000.285,19088.693,790426.2,19088.693
2017-04-20,19399.04,19638.22,19411.273,19621.82,358854.4,19621.82
2017-04-21,19186.514,19230.762,19090.732,19162.125,418624.62,19162.125
2017-04-22,19043.057,19188.682,18923.688,19021.32,626826.8,19021.32
2017-04-25,19443.861,19532.768,19333.309,19442.676,520008.06,19442.676
2017-04-26,19591.008,19765.146,19557.756,19704.686,560298.7,19704.686
2017-04-27,19917.586,20098.041,19825.227,19925.791,610114.7,19925.791
2017-04-28,19901.346,20023.016,19826.043,19923.07,539107.8,19923.07
2017-04-29,19937.072,19963.082,19817.238,19813.15,388404.12,19813.15
2017-05-02,20010.111,20123.115,20002.186,20104.998,424723.4,20104.998
2017-05-03,20008.035,20157.182,19956.97,20068.666,657020.25,20068.666
2017-05-09,20554.57,20722.668,20479.383,20575.334,867483.9,20575.334
2017-05-10,20564.875,20638.988,20454.566,20528.25,576660.94,20528.25
2017-05-11,20341.652,20405.168,20201.11,20286.58,452879.38,20286.58
2017-05-12,20793.377,20808.197,20623.016,20660.033,654419.94,20660.033
2017-05-13,20255.896,20391.096,20264.082,20385.512,282290.0,20385.512
2017-05-16,20383.494,20462.512,20286.162,20321.2,507644.94,20321.2
2017-05-17,20428.43,20537.283,20296.744,20364.21,508510.0,20364.21
2017-05-18,20545.258,20610.803,20452.924,20506.248,313932.22,20506.248
2017-05-19,20414.303,20435.621,20369.217,20401.564,243131.72,20401.564
2017-05-20,20280.797,20334.32,20215.654,20249.172,439234.62,20249.172
2017-05-23,20082.875,20207.777,19999.232,20066.412,595933.1,20066.412
2017-05-24,20065.287,20186.705,19938.885,19995.992,620149.7,19995.992
2017-05-25,20219.182,20287.457,20100.018,20143.45,431080.8,20143.45
2017-05-26,20472.07,20560.742,20415.217,20482.988,360541.62,20482.988
2017-05-27,20449.033,20530.562,20418.342,20481.846,314802.44,20481.846
2017-05-30,20281.912,20334.795,20222.424,20261.68,398240.97,20261.68
2017-05-31,20134.29,20233.975,20026.787,20070.998,577996.4,20070.998
2017-06-01,20070.328,20184.137,19931.516,19988.887,627322.4,19988.887
2017-06-02,20255.684,20344.771,20135.562,20198.129,459266.0,20198.129
2017-06-03,20761.184,20877.4,20686.115,20782.99,502730.25,20782.99
2017-06-06,20910.371,20996.64,20856.293,20922.01,291588.28,20922.01
2017-06-07,20767.875,20793.668,20675.867,20719.484,304089.56,20719.484
2017-06-08,20700.078,20770.428,20674.916,20742.248,249309.31,20742.248
2017-06-09,20450.361,20497.215,20317.574,20348.941,502430.3,20348.941
2017-06-10,20624.008,20724.389,20574.543,20640.21,408408.4,20640.21
2017-06-13,20578.35,20658.562,20474.361,20521.168,433031.3,20521.168
2017-06-14,20548.996,20587.965,20484.139,20527.133,267026.53,20527.133
2017-06-15,20665.23,20704.436,20587.99,20633.637,408603.12,20633.637
2017-06-16,20402.236,20527.77,20338.605,20417.547,457250.84,20417.547
2017-06-17,20495.385,20583.523,20405.67,20456.12,450571.88,20456.12
2017-06-20,20678.904,20770.102,20629.457,20697.367,323944.3,20697.367
2017-06-21,20888.367,20956.264,20791.205,20858.094,406445.5,20858.094
2017-06-22,20844.273,20934.113,20832.215,20906.361,215785.53,20906.361
2017-06-23,20768.465,20797.12,20702.912,20733.514,294788.5,20733.514
2017-06-24,20712.574,20755.744,20628.24,20667.645,408061.0,20667.645
2017-06-27,20638.014,20725.697,20539.57,20584.021,496237.2,20584.021
2017-06-28,20746.588,20823.041,20666.13,20725.564,361236.6,20725.564
2017-06-29,20893.104,20965.129,20840.703,20901.393,263622.94,20901.393
2017-06-30,20889.291,20938.656,20822.19,20876.121,302674.97,20876.121
2017-07-01,20848.656,20947.332,20777.268,20863.56,510544.84,20863.56
2017-07-04,20719.635,20813.645,20646.432,20703.037,451589.84,20703.037
2017-07-05,20617.07,20656.521,20512.04,20561.713,345380.88,20561.713
2017-07-06,20649.697,20724.764,20589.377,20659.096,385887.25,20659.096
2017-07-07,20390.172,20486.025,20361.994,20433.707,329277.6,20433.707
2017-07-08,20346.027,20403.148,20267.992,20305.129,473302.06,20305.129
2017-07-11,20331.893,20457.145,20222.361,20282.38,604468.3,20282.38
2017-07-12,20368.197,20437.566,20262.09,20312.695,400781.1,20312.695
2017-07-13,20678.11,20735.28,20656.955,20720.252,301354.84,20720.252
2017-07-14,20375.146,20467.98,20308.701,20381.223,407644.25,20381.223
2017-07-15,20361.055,20457.889,20297.428,20358.21,465691.7,20358.21
2017-07-19,20315.863,20415.334,20203.977,20252.006,525272.0,20252.006
2017-07-20,20360.904,20446.465,20288.236,20345.379,432059.6,20345.379
2017-07-21,20440.27,20532.17,20392.777,20453.85,417514.2,20453.85
2017-07-22,20511.771,20588.395,20447.434,20495.35,399587.88,20495.35
2017-07-25,20249.904,20350.623,20197.717,20274.096,452622.0,20274.096
2017-07-26,20274.76,20394.576,20194.35,20249.123,540924.56,20249.123
2017-07-27,20329.727,20399.652,20220.957,20259.844,488718.28,20259.844
2017-07-28,20360.283,20480.984,20314.975,20390.932,444561.97,20390.932
2017-07-29,20423.783,20480.59,20362.002,20404.986,354617.7,20404.986
2017-08-01,20228.229,20320.773,20209.676,20289.207,353802.22,20289.207
2017-08-02,20172.479,20284.84,20064.55,20110.99,632630.8,20110.99
2017-08-03,20213.623,20326.96,20083.658,20133.816,610154.25,20133.816
2017-08-04,20262.617,20386.297,20205.727,20280.238,477085.34,20280.238
2017-08-05,20365.955,20425.652,20315.727,20361.152,352124.72,20361.152
2017-08-08,20318.773,20396.596,20282.633,20354.059,385818.3,20354.059
2017-08-09,20175.469,20296.428,20078.744,20140.41,597055.2,20140.41
2017-08-10,20072.41,20188.625,19914.098,19971.602,684226.8,19971.602
2017-08-11,20073.664,20243.596,20057.627,20164.309,432475.44,20164.309
2017-08-15,19868.117,19889.652,19728.37,19734.72,566545.8,19734.72
2017-08-16,20101.723,20228.44,20086.805,20195.729,504784.44,20195.729
2017-08-17,19895.75,20081.549,19869.244,20001.604,539656.5,20001.604
2017-08-18,19913.201,20072.727,19810.873,19891.816,715138.75,19891.816
2017-08-19,19774.053,19918.996,19643.043,19702.822,688153.8,19702.822
2017-08-22,19632.424,19802.34,19535.299,19623.094,699701.1,19623.094
2017-08-23,19831.812,19891.977,19786.814,19832.04,444768.56,19832.04
2017-08-24,19896.46,20033.414,19901.807,20001.248,530759.7,20001.248
2017-08-25,19682.86,19860.488,19613.74,19723.984,697338.2,19723.984
2017-08-26,19853.217,20028.916,19736.297,19822.91,707792.4,19822.91
2017-08-29,19818.535,20006.092,19724.898,19835.574,689844.1,19835.574
2017-08-30,19929.324,20058.084,19903.428,19984.764,536974.1,19984.764
2017-08-31,20050.08,20210.758,20108.28,20224.365,289981.94,20224.365
2017-09-01,20133.19,20257.697,20105.787,20204.115,565907.7,20204.115
2017-09-02,19960.627,20125.291,19839.555,19917.334,762349.75,19917.334
2017-09-05,19883.291,20096.775,19788.895,19907.42,717071.4,19907.42
2017-09-06,19751.115,19820.416,19652.436,19686.502,530091.56,19686.502
2017-09-07,19823.01,19937.947,19815.803,19891.602,462680.62,19891.602
2017-09-08,19728.078,19860.65,19737.578,19853.182,484997.2,19853.182
2017-09-09,19557.168,19750.06,19458.943,19558.197,780189.9,19558.197
2017-09-12,19780.504,19955.064,19636.6,19723.809,769469.5,19723.809
2017-09-13,20272.977,20420.68,20242.703,20344.646,595480.3,20344.646
2017-09-14,20449.486,20584.576,20457.973,20554.584,344709.56,20554.584
2017-09-15,20304.674,20394.504,20322.6,20422.738,271594.56,20422.738
2017-09-16,20225.303,20345.305,20150.809,20218.396,614805.4,20218.396
2017-09-20,20647.559,20770.188,20518.895,20582.354,679876.7,20582.354
2017-09-21,20664.594,20759.668,20591.336,20664.355,421923.5,20664.355
2017-09-22,20763.873,20799.81,20678.338,20738.158,291066.62,20738.158
2017-09-23,20678.852,20756.984,20575.111,20653.9,441471.03,20653.9
2017-09-26,20651.518,20738.135,20645.357,20722.814,291805.25,20722.814
2017-09-27,20670.898,20743.865,20584.062,20627.312,492794.2,20627.312
2017-09-28,20625.293,20736.693,20520.717,20580.285,526612.75,20580.285
2017-09-29,20785.521,20869.363,20706.664,20769.357,391267.16,20769.357
2017-09-30,20987.95,21054.564,20953.617,21015.969,232069.12,21015.969
2017-10-03,20844.639,20895.248,20801.314,20854.193,268951.5,20854.193
2017-10-04,21082.375,21142.352,20982.627,21043.842,558546.75,21043.842
2017-10-05,21099.027,21161.607,20999.465,21031.166,495945.62,21031.166
2017-10-06,21061.877,21136.629,21042.69,21121.445,252101.12,21121.445
2017-10-07,21095.363,21145.25,21040.965,21096.012,288424.6,21096.012
2017-10-11,21103.44,21159.555,21027.78,21088.064,434938.2,21088.064
2017-10-12,21313.076,21367.447,21261.209,21300.537,369742.03,21300.537
2017-10-13,21305.16,21362.008,21267.123,21321.928,301462.62,21321.928
2017-10-14,21378.238,21426.469,21320.148,21385.637,365882.94,21385.637
2017-10-17,21569.734,21582.184,21489.598,21506.32,402921.8,21506.32
2017-10-18,21623.969,21652.73,21590.693,21634.818,358022.72,21634.818
2017-10-19,21588.875,21624.26,21557.443,21595.8,345439.72,21595.8
2017-10-20,21586.176,21602.998,21491.352,21531.0,514099.8,21531.0
2017-10-21,21725.094,21741.008,21716.863,21739.328,304094.06,21739.328
2017-10-24,21767.066,21774.936,21691.965,21717.496,496530.5,21717.496
2017-10-25,21816.695,21830.508,21784.873,21808.916,421875.38,21808.916
2017-10-26,21786.709,21787.25,21703.914,21721.348,510023.62,21721.348
2017-10-27,21839.008,21857.559,21830.176,21859.049,379353.84,21859.049
2017-10-28,21901.07,21897.18,21828.016,21842.508,541321.7,21842.508
2017-10-31,21926.076,21908.473,21851.9,21857.863,513304.94,21857.863
2017-11-01,22003.494,21990.484,21976.941,21983.043,426386.84,21983.043
2017-11-02,22016.39,21976.322,21904.988,21898.67,614424.06,21898.67
2017-11-03,22159.762,22116.006,22117.547,22100.555,439008.56,22100.555
2017-11-07,22045.271,21994.826,21915.455,21895.057,631787.1,21895.057
2017-11-08,22204.957,22164.06,22167.5,22161.146,483652.38,22161.146
2017-11-09,22163.975,22105.79,22062.098,22029.04,557353.2,22029.04
2017-11-10,21633.387,21664.365,21385.822,21416.023,1053104.2,21416.023
2017-11-11,22150.0,22080.426,22113.205,22079.918,370074.66,22079.918
2017-11-14,22001.342,21932.084,21831.371,21794.014,655285.9,21794.014
2017-11-16,21918.5,21892.648,21815.809,21824.68,578547.0,21824.68
2017-11-17,22153.207,22112.527,22125.676,22112.264,428839.38,22112.264
2017-11-18,21881.613,21830.355,21677.732,21658.646,768660.1,21658.646
2017-11-21,22172.467,22136.877,22182.08,22176.059,345304.34,22176.059
2017-11-22,22040.973,22001.734,21910.844,21891.955,666786.8,21891.955
2017-11-23,22110.111,22086.074,22062.398,22061.754,509743.2,22061.754
2017-11-25,22096.03,22063.389,22019.055,22009.37,562874.56,22009.37
2017-11-28,22076.125,22039.186,21989.764,21976.996,555486.9,21976.996
2017-11-29,22103.371,22079.781,22051.012,22046.176,517090.8,22046.176
2017-11-30,22075.387,22036.703,21975.367,21964.809,603429.8,21964.809
2017-12-01,22171.193,22132.98,22121.12,22109.64,496068.12,22109.64
2017-12-02,22090.336,22030.164,21958.127,21929.584,616181.1,21929.584
2017-12-05,22169.705,22122.525,22108.7,22089.771,486080.38,22089.771
2017-12-06,22108.727,22073.941,22025.062,22010.22,574916.7,22010.22
2017-12-07,21909.197,21873.354,21770.768,21767.363,647607.4,21767.363
2017-12-08,22216.697,22190.307,22232.574,22228.95,360186.22,22228.95
2017-12-09,22006.365,21951.32,21836.771,21816.297,735353.75,21816.297
2017-12-12,22278.73,22236.781,22275.072,22261.79,390642.7,22261.79
2017-12-13,22086.387,22027.914,21938.408,21907.453,671645.5,21907.453
2017-12-14,22167.65,22129.064,22116.293,22104.914,492910.12,22104.914
2017-12-15,22119.86,22076.703,22024.695,22004.473,581159.7,22004.473
2017-12-16,22088.467,22053.473,22007.656,21998.777,563057.44,21998.777
2017-12-19,22179.06,22131.191,22106.742,22089.441,532082.3,22089.441
2017-12-20,22158.016,22105.37,22063.07,22035.127,555478.4,22035.127
2017-12-21,22168.148,22131.309,22096.111,22082.137,564927.06,22082.137
2017-12-22,22134.68,22095.348,22045.652,22030.252,590826.7,22030.252
2017-12-23,22176.514,22139.164,22112.13,22097.691,540247.8,22097.691
2017-12-26,22167.34,22131.488,22089.082,22072.04,579608.6,22072.04
2017-12-27,22138.92,22104.152,22054.459,22041.396,596342.3,22041.396
2017-12-28,22176.643,22139.395,22107.854,22093.375,554568.7,22093.375
2017-12-29,22110.57,22066.076,22006.365,21985.57,598451.44,21985.57
2017-12-30,22152.932,22110.395,22078.846,22064.049,541117.44,22064.049
2018-01-05,22106.486,22044.312,21979.441,21956.092,619121.4,21956.092
2018-01-06,22217.395,22133.139,22117.77,22072.91,465993.16,22072.91
2018-01-10,22176.607,22085.059,22026.508,21972.773,561270.25,21972.773
2018-01-11,22244.615,22171.29,22143.26,22102.588,526137.25,22102.588
2018-01-12,22043.338,21972.736,21871.441,21841.1,677882.6,21841.1
2018-01-13,22266.504,22182.887,22189.559,22145.193,421055.5,22145.193
2018-01-16,22204.05,22125.871,22066.719,22018.605,590533.94,22018.605
2018-01-17,22220.016,22155.568,22114.531,22082.197,576232.75,22082.197
2018-01-18,22225.098,22152.926,22114.281,22074.16,552257.9,22074.16
2018-01-19,22075.754,21989.959,21895.832,21850.486,638302.8,21850.486
2018-01-20,22276.982,22196.453,22199.47,22156.686,438876.9,22156.686
2018-01-23,22206.033,22131.078,22071.922,22026.566,597941.7,22026.566
2018-01-24,22200.846,22129.062,22082.543,22046.104,575231.1,22046.104
2018-01-25,22219.7,22137.27,22098.771,22051.25,530660.06,22051.25
2018-01-26,22140.758,22058.19,21995.807,21953.672,582531.44,21953.672
2018-01-27,22215.271,22130.871,22104.064,22058.111,495887.7,22058.111
2018-01-30,22191.053,22110.152,22059.352,22013.543,562387.56,22013.543
2018-01-31,21734.246,21742.686,21500.781,21516.14,963257.1,21516.14
2018-02-01,22198.766,22112.773,22121.797,22076.05,401838.44,22076.05
2018-02-02,22105.664,22020.412,21940.436,21895.152,617091.94,21895.152
2018-02-03,22153.14,22080.229,22044.979,22013.512,522168.34,22013.512
2018-02-06,21622.113,21654.146,21399.047,21423.078,982458.4,21423.078
2018-02-07,20836.281,20984.771,20653.637,20720.438,1315311.0,20720.438
2018-02-08,21217.773,21175.754,20964.867,20924.033,878748.06,20924.033
2018-02-09,21788.912,21729.826,21599.283,21587.428,698195.06,21587.428
2018-02-10,21441.855,21503.033,21297.176,21354.592,852438.56,21354.592
2018-02-14,21511.34,21473.482,21348.51,21322.094,623680.4,21322.094
2018-02-15,21588.977,21606.182,21430.768,21460.367,731362.25,21460.367
2018-02-16,21824.406,21835.297,21788.803,21821.75,447550.7,21821.75
2018-02-17,21870.045,21857.285,21795.625,21799.045,501572.62,21799.045
2018-02-20,22030.486,22025.006,22001.719,22016.668,474158.8,22016.668
2018-02-21,21866.58,21853.922,21772.725,21773.543,552278.7,21773.543
2018-02-22,21964.406,21968.738,21940.855,21966.09,456181.3,21966.09
2018-02-23,21820.375,21805.572,21720.348,21727.19,552860.0,21727.19
2018-02-24,21990.969,21996.664,22003.842,22023.352,361627.66,22023.352
2018-02-27,21935.396,21912.84,21816.846,21815.318,636458.44,21815.318
2018-02-28,22093.898,22067.205,22050.787,22049.852,472916.7,22049.852
2018-03-01,21984.076,21947.002,21882.512,21867.412,552684.6,21867.412
2018-03-02,21832.852,21822.947,21741.121,21761.996,564191.06,21761.996
2018-03-03,21479.078,21532.682,21385.697,21429.043,698773.2,21429.043
2018-03-06,21499.742,21502.066,21380.717,21386.64,636812.44,21386.64
2018-03-07,21783.184,21790.855,21691.375,21712.01,558763.4,21712.01
2018-03-08,21514.904,21558.479,21447.004,21497.893,495444.47,21497.893
2018-03-09,21655.648,21702.61,21668.557,21722.85,290811.2,21722.85
2018-03-10,21643.441,21638.654,21506.178,21517.914,584201.3,21517.914
2018-03-13,21934.824,21917.375,21893.053,21902.486,391125.2,21902.486
2018-03-14,21963.537,21929.922,21882.79,21874.29,498471.7,21874.29
2018-03-15,21894.416,21893.0,21851.441,21865.984,460060.3,21865.984
2018-03-16,21832.135,21850.77,21789.6,21820.053,488892.4,21820.053
2018-03-17,21771.168,21778.094,21699.656,21720.096,494532.94,21720.096
2018-03-20,21712.361,21740.557,21687.023,21724.523,398653.62,21724.523
2018-03-21,21628.605,21670.652,21610.691,21658.55,381829.0,21658.55
2018-03-23,21716.383,21734.496,21660.295,21694.254,471539.3,21694.254
2018-03-24,21082.506,21202.023,20931.436,21019.676,811634.1,21019.676
2018-03-27,21367.559,21419.418,21392.338,21443.574,290033.25,21443.574
2018-03-28,21619.72,21624.75,21512.975,21536.309,495663.2,21536.309
2018-03-29,21490.879,21534.309,21459.0,21506.879,362218.22,21506.879
2018-03-30,21544.232,21586.547,21503.236,21555.477,381341.03,21555.477
2018-03-31,21688.16,21697.596,21607.592,21626.629,472526.03,21626.629
2018-04-03,21766.607,21775.93,21720.064,21742.23,409140.88,21742.23
2018-04-04,21675.844,21715.455,21661.512,21708.346,385767.8,21708.346
2018-04-05,21645.93,21666.549,21579.768,21611.7,446769.3,21611.7
2018-04-06,21851.377,21851.422,21791.488,21809.727,475066.7,21809.727
2018-04-07,21869.092,21854.242,21800.266,21802.564,456981.94,21802.564
2018-04-10,21913.516,21926.256,21897.93,21924.309,426934.34,21924.309
2018-04-11,21884.543,21878.887,21801.21,21814.416,565454.4,21814.416
2018-04-12,21899.902,21895.953,21856.97,21866.648,434742.94,21866.648
2018-04-13,21847.684,21857.072,21795.764,21819.023,492247.12,21819.023
2018-04-14,21925.307,21921.355,21870.896,21884.668,489553.0,21884.668
2018-04-17,21936.402,21931.758,21885.701,21893.625,483029.4,21893.625
2018-04-18,21935.555,21934.49,21881.037,21898.39,518846.1,21898.39
2018-04-19,22058.148,22035.467,21999.998,22001.305,521069.03,22001.305
2018-04-20,22074.89,22033.688,21991.6,21974.979,527053.75,21974.979
2018-04-21,22078.08,22056.809,22026.176,22023.795,514293.88,22023.795
2018-04-24,22010.686,21994.23,21936.393,21937.303,562095.25,21937.303
2018-04-25,22087.473,22071.137,22038.459,22040.963,526207.9,22040.963
2018-04-26,22048.24,22031.83,21984.684,21983.848,553780.94,21983.848
2018-04-27,22089.45,22063.72,22021.059,22018.494,556945.9,22018.494
2018-04-28,22111.086,22068.06,22025.873,22012.7,559694.25,22012.7
2018-05-02,22172.738,22137.773,22122.273,22105.67,496235.2,22105.67
2018-05-03,22072.346,22039.262,21965.674,21953.834,637920.6,21953.834
2018-05-08,22130.736,22107.098,22082.373,22078.355,517758.53,22078.355
2018-05-09,22126.98,22095.14,22047.5,22035.98,585075.8,22035.98
2018-05-10,22100.629,22075.434,22034.082,22026.98,554068.06,22026.98
2018-05-11,22124.21,22096.75,22054.35,22046.85,568422.94,22046.85
2018-05-12,22152.5,22111.35,22067.857,22054.99,589776.75,22054.99
2018-05-15,22215.148,22167.904,22147.2,22123.988,524538.0,22123.988
2018-05-16,22138.77,22086.004,22024.02,21998.309,615830.44,21998.309
2018-05-17,22187.072,22142.295,22121.17,22104.232,524790.4,22104.232
2018-05-18,22180.078,22127.715,22085.54,22059.799,572990.5,22059.799
2018-05-19,22181.242,22128.701,22088.828,22064.969,570198.1,22064.969
2018-05-22,22197.438,22141.39,22106.635,22079.973,556650.94,22079.973
2018-05-23,22205.496,22154.053,22118.021,22090.01,558607.2,22090.01
2018-05-24,22088.812,22034.46,21960.354,21936.805,632648.44,21936.805
2018-05-25,22140.854,22094.863,22075.602,22057.959,488219.6,22057.959
2018-05-26,22132.531,22095.174,22055.309,22040.057,558102.94,22040.057
2018-05-29,22116.424,22087.701,22043.71,22034.145,566672.0,22034.145
2018-05-30,22062.89,22035.299,21978.953,21972.482,582257.6,21972.482
2018-05-31,22009.953,21985.516,21941.656,21946.416,536230.25,21946.416
2018-06-01,22130.543,22101.979,22092.854,22081.754,458143.56,22081.754
2018-06-02,22005.164,21982.742,21905.064,21902.1,628624.56,21902.1
2018-06-05,22172.572,22151.152,22143.994,22144.164,490533.44,22144.164
2018-06-06,22099.492,22057.275,21991.262,21971.26,616862.9,21971.26
2018-06-07,22183.443,22153.748,22137.945,22130.664,519641.06,22130.664
2018-06-08,22149.031,22098.55,22041.12,22018.062,612634.75,22018.062
2018-06-09,22113.258,22054.273,22005.125,21983.1,568603.25,21983.1
2018-06-12,22249.88,22199.688,22202.004,22176.828,469316.88,22176.828
2018-06-13,22090.691,22029.611,21939.832,21910.887,677559.94,21910.887
2018-06-14,22275.182,22231.656,22245.734,22228.287,454690.7,22228.287
2018-06-15,22114.5,22061.525,21982.98,21954.006,652090.7,21954.006
2018-06-16,22209.703,22170.559,22153.982,22140.047,523603.53,22140.047
2018-06-19,22124.646,22079.04,22016.625,21992.178,608132.1,21992.178
2018-06-20,22036.621,21994.527,21929.275,21917.69,590375.6,21917.69
2018-06-21,22197.672,22160.107,22161.168,22150.465,469472.0,22150.465
2018-06-22,22114.488,22060.768,21995.018,21970.656,621801.4,21970.656
2018-06-23,22176.527,22140.582,22133.012,22122.36,488353.38,22122.36
2018-06-26,22067.654,22025.688,21955.568,21934.984,606980.25,21934.984
2018-06-27,22111.992,22093.02,22071.582,22076.588,519603.38,22076.588
2018-06-28,22081.031,22047.3,21998.277,21983.537,553081.9,21983.537
2018-06-29,22052.666,22024.945,21972.771,21972.24,577580.3,21972.24
2018-06-30,22120.115,22094.318,22075.342,22065.672,482365.94,22065.672
2018-07-03,21825.285,21788.58,21645.89,21642.012,727422.1,21642.012
2018-07-04,21985.404,21966.34,21954.129,21963.617,442974.22,21963.617
2018-07-05,21768.719,21738.162,21639.104,21624.227,607578.06,21624.227
2018-07-06,21750.533,21766.383,21696.1,21728.793,482474.3,21728.793
2018-07-07,21765.564,21785.695,21709.898,21741.33,487391.2,21741.33
2018-07-10,21876.873,21888.754,21843.357,21865.668,452022.72,21865.668
2018-07-11,21948.61,21930.748,21864.49,21868.898,549774.3,21868.898
2018-07-12,21840.688,21842.076,21792.473,21806.799,451207.28,21806.799
2018-07-13,21988.354,21996.71,21969.977,21992.547,453137.88,21992.547
2018-07-14,21994.502,21956.646,21867.525,21858.773,651272.0,21858.773
2018-07-18,22183.695,22145.07,22159.201,22145.965,414221.38,22145.965
2018-07-19,22080.094,22026.764,21949.791,21924.135,632157.94,21924.135
2018-07-20,22144.553,22106.44,22087.914,22076.861,499524.3,22076.861
2018-07-21,22087.441,22046.273,21990.213,21973.113,582130.94,21973.113
2018-07-24,22034.676,22015.871,21981.072,21982.2,508934.62,21982.2
2018-07-25,22067.213,22050.055,22009.346,22008.969,532499.6,22008.969
2018-07-26,22049.908,22028.695,21973.799,21971.07,573353.44,21971.07
2018-07-27,22072.506,22052.768,22015.344,22013.713,527685.3,22013.713
2018-07-28,22097.79,22076.318,22034.494,22030.768,556285.6,22030.768
2018-07-31,22040.297,22021.855,21970.002,21968.385,560810.4,21968.385
2018-08-01,22063.975,22042.275,21998.732,22001.379,557093.4,22001.379
2018-08-03,22059.955,22021.918,21975.78,21960.29,529146.7,21960.29
2018-08-04,22075.46,22050.469,22013.816,22008.916,523933.8,22008.916
2018-08-07,22053.785,22037.396,21991.773,21990.861,544679.1,21990.861
2018-08-08,22079.12,22063.738,22020.988,22023.535,558503.1,22023.535
2018-08-09,22087.89,22061.857,22015.89,22009.432,562008.9,22009.432
2018-08-10,22080.396,22062.145,22025.219,22023.611,535268.2,22023.611
2018-08-11,21932.096,21897.545,21804.516,21799.809,627844.5,21799.809
2018-08-14,21842.55,21837.926,21755.771,21774.143,579392.06,21774.143
2018-08-15,22116.531,22079.746,22080.137,22062.994,454112.88,22062.994
2018-08-16,21861.21,21857.24,21748.69,21755.922,640575.94,21755.922
2018-08-17,21945.8,21961.045,21931.965,21970.139,475508.56,21970.139
2018-08-18,22006.281,21979.695,21938.184,21923.629,476722.75,21923.629
2018-08-21,21916.871,21917.53,21852.58,21870.533,552051.56,21870.533
